pdb,spit,version,energy_myh,energy
7lqm_D,val,before,1833663834.8810778,1607756.2009935805
7bny_B,val,before,1583553249286130.0,164948141908872.03
7ool_A,val,before,127802063875500.34,1510419010.950066
7fh3_A,val,before,12126062054400.773,699259.7178772523
7mrq_A,val,before,7796305886.333711,2042060.4459503863
7kpj_E,val,before,1404893857711882.2,1243437727882126.2
7b1k_B,val,before,1.5684110418533146e+18,1.5684108702755612e+18
7rdt_A,val,before,10834978396803.578,10641587940863.53
7dms_A,val,before,1261859.3386796229,5974.6688602932
7nl4_A,val,before,1654568.8147549343,16466.451188250976
7re6_A,val,before,35564754943114.19,35259804897310.94
7f8a_A,val,before,710213790788509.9,204769152347420.62
7fip_A,val,before,324976284712.8172,147303300892.54025
7kik_A,val,before,6861550908852.804,6838849456744.364
7prd_A,val,before,1257683113082.1978,79712504.04347965
7v6p_A,val,before,2.344041445278867e+16,2.255333559476406e+16
7kqv_D,val,before,30905298087.11527,25538515.754917193
7p3t_B,val,before,3767726956518.927,3763881071858.4385
7dsu_B,val,before,4441177101598.115,1894100610067.353
7ezg_A,val,before,7152855391547257.0,5027441841209879.0
7s94_C,val,before,754940.0057699112,-16189.843862042559
7tbs_A,val,before,32572195321995.62,25396722466.30044
7fe3_A,val,before,163379219467.73514,153033306071.69815
7dcm_A,val,before,298397137.54169106,1163272.1615786033
7lqn_A,val,before,2073633419.5253475,2004255039.1992462
7dtp_A,val,before,5.828210747892083e+24,5.82821074368643e+24
7mpz_A,val,before,88047.2273142083,-24133.4569297266
7f7n_A,val,before,230326278203672.2,15785597991846.281
7ar0_B,val,before,13560502.006685106,4350749.578174329
7thw_A,val,before,66748677011.617584,37426654739.80156
7sf6_A,val,before,200471344322606.1,53236811.12677019
7spp_C,val,before,33071519553.91066,108135.52340750053
7v1v_A,val,before,96354933980.29683,93783953652.46228
7pbk_A,val,before,13384992886002.518,16929315164.2412
7et8_A,val,before,226997261666.70062,224566557581.27982
7mcc_A,val,before,18671533481697.273,15507411291731.797
6wqc_A,val,before,2915693972.415167,2016693.3640746837
6tf4_A,val,before,3407392556252.926,11466848827.299793
7don_B,val,before,3058408927.6244726,18000930.45494496
7l8n_A,val,before,12972722.230972309,-4737.330795586231
7nf9_A,val,before,641125239847296.1,594011557413115.0
7vdy_A,val,before,742245988.392846,666799339.3557538
7wbr_A,val,before,17711020.45299903,13130231.859589845
7ab3_E,val,before,29712023.572244957,7945.374670278619
7ntn_A,val,before,6784606515532.683,16071149.418800808
7dq9_A,val,before,617186.1894442602,4957.740892890684
7ouq_A,val,before,2092861133.6624343,1307838872.1246529
7f0h_A,val,before,208194.37595019434,-16365.990901807265
7q03_A,val,before,84047095769.68243,-44688.45394380032
7m0q_B,val,before,563018207828834.8,560399741689015.3
7rbw_A,val,before,1139489758203785.2,941469184949263.8
7tav_B,val,before,3693162.361777475,183312.99490781882
7jt9_A,val,before,19218868315900.97,264271135.5481571
7b26_C,val,before,511855638684.93256,511825344461.8308
7p3b_B,val,before,804375236.4619195,703521608.7699115
7ndr_A,val,before,2732733849506.6597,13307265835.035284
7tj1_D,val,before,725608335755749.5,347771248.3410682
7pq7_A,val,before,4238281659480.145,108657785410.3048
7bcz_A,val,before,43057.23246261853,-29968.67445290942
6z01_A,val,before,31356708.453781717,-81010.28036672898
7dkk_A,val,before,5633358602.412161,5400122802.317207
7ny6_A,val,before,38995402290.57237,22952434896.87323
7w83_A,val,before,1.3611102578114898e+16,1.359784756268057e+16
7b2a_A,val,before,4146448813042.8726,459793.51000370237
7wgk_A,val,before,5604682168.775133,5242816170.652015
7atr_A,val,before,258097.1990804756,-74116.31159092384
7re4_A,val,before,12360064292808.572,1793561.1299206796
7cjs_B,val,before,127179323515596.8,442308858552.99896
7dru_C,val,before,173196090131.7632,80579722391.8759
7b29_A,val,before,30121412234086.56,234688140.05763894
7ljh_A,val,before,1.2748524976095708e+16,178606899112.63156
7lgr_A,val,before,5.859739008392409e+16,157865425921.3346
7ef6_A,val,before,1157557172201242.0,559105449720299.8
7bcb_B,val,before,351352715.8404412,73249950.5003316
7ffa_A,val,before,64516537449352.18,162638264345518.25
7t8o_B,val,before,1653958023.8130598,1017085.6111089009
7lc5_A,val,before,28206816.01199373,59804.550092056845
7poh_B,val,before,123923288084214.53,5323764.035626827
7bew_A,val,before,171779.51580139936,-50248.22671618617
7bcj_A,val,before,5190029030932919.0,3726634549308.7524
7dmf_A,val,before,107428059.0795044,1174109.8709910575
7lsv_B,val,before,9168800971447.932,9160200306790.62
7tkv_A,val,before,654746291.5594612,911575064784.8159
7duv_A,val,before,3538230812396.0054,233882831470.82227
7kiu_A,val,before,1.300432307197302e+16,161435436.27568924
7fbp_B,val,before,11053304878335.262,267889780.45752206
7swh_A,val,before,92615158028815.9,92294548677696.88
7t71_A,val,before,94668513919744.53,1307724829017.273
7eqx_A,val,before,116796184390090.83,634709947660.7001
7e37_A,val,before,190450306798.1214,76488994631.20703
7vw0_B,val,before,669527259532.1509,35059583125.971504
7o49_F,val,before,1.8836167646139968e+17,182560531109.01273
7dnu_A,val,before,267022680300.35657,42144282.19759228
7spo_C,val,before,3619869173986.4536,3356740892289.6226
7kua_A,val,before,358295478012418.75,92512005009863.97
7f6e_B,val,before,6955930739.818036,1406577014.0342004
7ksp_A,val,before,104562.51851700773,-59611.871086952
7djy_A,val,before,4057309892.894835,1701469804.7480354
6wmk_A,val,before,2797450197.244519,5796925.404680264
7ta9_A,val,before,645247128088.8767,286030768370.0844
7b2o_A,val,before,111142939330506.52,108366303534394.9
7lew_B,val,before,13457386458.46171,55774367.98983581
7vmu_A,val,before,2575519007489.193,2551999215733.672
7lnu_B,val,before,385855590657.11053,12974602955.206522
7kzh_A,val,before,8604712149.972797,2436784805.2247033
7e2v_A,val,before,100843070964.5837,2724260724.1202917
7e3z_A,val,before,1419823813.2859938,8334168.993466117
7r84_A,val,before,182604.59216820457,164413.3772504648
7q47_A,val,before,1496388.9492916048,1306834.7052502618
7t5f_B,val,before,133200516035.78227,753202.1599327672
7b28_F,val,before,16095832937.057383,2079740243.4587507
7thh_A,val,before,3107708499.816045,96319.87329659968
7mwr_A,val,before,429402.870463394,-27518.567061135072
7e0m_A,val,before,108609267254986.78,108601257499484.53
7l6y_A,val,before,65397190.922542356,75644.61837357687
6xqj_A,val,before,1.5335773326088461e+25,1.533577331975565e+25
7v5y_B,val,before,-6659.989476879664,-14158.611660222774
7ppp_A,val,before,3941977352057.903,26203461995.490498
7mro_A,val,before,40237044.13777218,107738.87194319037
7dqg_A,val,before,134221555226347.62,2638150316191.7915
7fbh_A,val,before,162220235825.08215,1241479833.7191205
6zpp_A,val,before,6.431060797206222e+16,6.430590772567433e+16
7dk9_A,val,before,2673541197805567.0,83136116396.24792
7puo_A,val,before,1073186.5899805252,2668.9423697654547
7vnb_A,val,before,47423362.20922899,1097024.2284283717
7lxc_A,val,before,6599827537803.566,7850721.671002367
7swk_B,val,before,92099605988469.64,330053483.9269883
7q1b_A,val,before,588061224830416.4,586604321906992.8
7dfe_A,val,before,46417726.09448809,6065770.807241556
7sy9_A,val,before,269418978087.29086,1700321864.39273
7dvn_A,val,before,4913358824.781798,7876112.679319195
7esx_A,val,before,5.962782212991493e+18,9.710543564721382e+16
7s02_C,val,before,1015651190106.0901,36113.215701793386
7mfi_A,val,before,25236793864.59312,214870.66084211683
7l19_C,val,before,2195378062735.8218,518788521913.2695
7plb_B,val,before,3.4725683328070313e+18,1118924.805381333
7mrs_B,val,before,49732472369026.79,5381630564.963389
7tcb_B,val,before,33890359086.676094,4395889312.615658
7lbu_A,val,before,1480725779644555.8,45322544960940.44
7vpf_A,val,before,2756246326335476.0,3901826326.0299077
7dup_A,val,before,9113019459.550287,380650488.99825424
7mqy_A,val,before,319880754792946.06,220333727910091.7
7b4q_A,val,before,327189926.65597504,1185047.4411686389
7tb5_A,val,before,8273867472177034.0,373270178426.64075
7l6j_A,val,before,271498449.6263317,96940126.16255905
7bbz_A,val,before,3736449037186215.5,5739507125957.801
7kos_A,val,before,19999701221.693073,13221167248.622648
7awk_A,val,before,37208721279.74913,36574999003.34835
7ofn_A,val,before,1496807775.7890368,1041664995.6766132
7b3a_A,val,before,1141075552.2683198,915251688.180471
7dut_A,val,before,18430520.38187791,131684.465194086
7m4m_A,val,before,640608500234.2615,639754290483.221
7on9_A,val,before,92962749553429.53,318281305.70956504
7sir_A,val,before,23891098794428.16,604694596568.187
7au7_A,val,before,10631393443447.775,10613258445743.963
7t9w_B,val,before,53091157985.550095,13158815281.619974
7jiz_A,val,before,236129745205231.28,2359957252.337002
7ewu_B,val,before,1435959471000.6528,17299209603.686512
7rwk_A,val,before,1644510481.6606452,115579010.48711468
7pab_A,val,before,5.6774472267135046e+17,71618824172609.14
7obm_A,val,before,2.899516395042425e+16,2.8992517954987668e+16
7mu9_A,val,before,103527461.89748745,252777.77016408034
7b7t_A,val,before,7162015303.337642,153915938.5362733
7t24_A,val,before,63278619114.040344,1548443707.9794922
7ls0_B,val,before,18526040055979.1,15514362186253.9
7b1w_F,val,before,1870953118419.9436,17369906109.46534
7p82_C,val,before,2894251112772894.5,2893893627820005.0
7bhy_A,val,before,6555733.965679568,14269.131464238984
7lvz_D,val,before,44551142517.84482,30834232.81664414
7bgs_B,val,before,5311892313869.359,5247159546534.367
7dko_A,val,before,21673847.86593614,-10108.997144791825
7b0d_A,val,before,4976231487686822.0,2886375870287208.0
7kuw_A,val,before,2103.978470419668,-6914.757365488453
7kdx_B,val,before,69271958159.86287,2257278716.9556303
7ebt_B,val,before,4.120403792293962e+17,4.119985499016615e+17
7rds_A,val,before,18548806883.59935,4535335887.469732
7stz_C,val,before,1580777692979008.0,953629223034929.8
7mfw_B,val,before,2724232379.413532,58614267.76180374
7eqx_C,val,before,1361726621.4262195,5654.014747369325
7pqf_A,val,before,2744263946345.6045,61149917.58203
7rg7_A,val,before,61909364744141.97,32456856752883.89
7ee3_C,val,before,31208069763.39399,275089.3256385806
7mrk_D,val,before,18136555.981770743,8432682.155702539
7m4n_A,val,before,33452212.047315117,58419.0525931011
7nf9_A,val,after-complete,15099.676020977875,51.56395413329119
7l8n_A,val,after-complete,-16302.255153567425,-24183.59397893385
7wbr_A,val,after-complete,-51646.92033130331,-75891.175019824
7vdy_A,val,after-complete,3251135.3652819195,1971332.6032097994
7sf6_A,val,after-complete,36816.55004049147,-44529.655026304856
7thw_A,val,after-complete,16538.86561160423,-8547.724832142088
7ar0_B,val,after-complete,-15128.859179341374,-21135.204158518583
7don_B,val,after-complete,-49330.862202907985,-73628.23742798246
6tf4_A,val,after-complete,-6680.723451758517,-11280.362017427033
7mcc_A,val,after-complete,11036.428699967924,-23754.560683048883
6wqc_A,val,after-complete,-37150.03382481812,-53889.36160154015
7et8_A,val,after-complete,-11409.70693851059,-34102.65732257973
7pbk_A,val,after-complete,-96828.4393836268,-129405.8117654062
7v1v_A,val,after-complete,-59187.74714933035,-84847.77581621308
7spp_C,val,after-complete,-11681.323005897955,-18845.66165772253
7f7n_A,val,after-complete,-21978.60937876693,-27953.50598629913
7mpz_A,val,after-complete,-32915.37344674112,-42955.86430547614
7dtp_A,val,after-complete,110930350183289.34,2550442596501.9873
7dcm_A,val,after-complete,-12493.777369004889,-34781.32007832109
7lqn_A,val,after-complete,-22348.332593631032,-47681.770799947415
7tbs_A,val,after-complete,-4761.809506256384,-31756.15615007688
7s94_C,val,after-complete,-9012.4268211585,-22650.61780730117
7ezg_A,val,after-complete,18262506114.834507,253792.8095764386
7dsu_B,val,after-complete,1986051250640.091,1420057.162038872
7p3t_B,val,after-complete,90822.00393171678,-57269.75784679923
7kqv_D,val,after-complete,289616.59540220205,-65780.49867025268
7fe3_A,val,after-complete,5721932325282.522,14861338388.377775
7prd_A,val,after-complete,2890091.12871016,231947.3177513581
7kik_A,val,after-complete,4285931987.905187,4279777437.833365
7fip_A,val,after-complete,699347.7577163947,632979.3422157873
7f8a_A,val,after-complete,71189.11581433465,-14179.862297656897
7re6_A,val,after-complete,39296.80441052068,-62707.145218430975
7v6p_A,val,after-complete,96434623735914.72,94921353232664.23
7nl4_A,val,after-complete,-14223.194679638422,-23385.058257597484
7dms_A,val,after-complete,-12722.003894361194,-19453.755833848267
7rdt_A,val,after-complete,-16086.406838630846,-31659.378689690675
7b1k_B,val,after-complete,35803.14790256193,-12478.264927196182
7ool_A,val,after-complete,-8917.271482600692,-15333.53276026667
7bny_B,val,after-complete,3.0366007351016372e+16,252495335836.3109
7lqm_D,val,after-complete,-33584.434478384894,-51133.227881927174
7kpj_E,val,after-complete,5648331357203.706,5646792567495.776
7mrq_A,val,after-complete,8604570.962237054,86577.16693651027
7fh3_A,val,after-complete,-16599.49839812337,-74666.53107538949
7tkv_A,val,after-complete,-70897.80776196608,-129952.69613762334
7lsv_B,val,after-complete,38123294.28707204,838635.5535270729
7kiu_A,val,after-complete,26991.62040745751,-25484.0970819089
7duv_A,val,after-complete,-12350.474512444966,-20159.24802436822
7dmf_A,val,after-complete,-32112.104394678732,-41181.52359906596
7bcj_A,val,after-complete,4472651.6063114125,-32625892.74241091
7bew_A,val,after-complete,-44612.397004999184,-61910.21128469388
7poh_B,val,after-complete,-7112.485462220299,-14152.513519392836
7lc5_A,val,after-complete,-34201.6501676966,-44897.55655851963
7t8o_B,val,after-complete,-28892.677290868978,-45271.880682265764
7ffa_A,val,after-complete,6.595397947307887e+19,10125413919.158577
7bcb_B,val,after-complete,-22320.724400762203,-28021.052402289053
7b29_A,val,after-complete,-7829.109832350879,-29017.62431843747
7ef6_A,val,after-complete,28159356.32464365,27055194.15210056
7lgr_A,val,after-complete,-6363.561935063844,-23119.068212519313
7ljh_A,val,after-complete,22994916.74143831,20608318.993603427
7atr_A,val,after-complete,-89253.96181785682,-120445.82024082902
7dru_C,val,after-complete,463061.08701997704,18135.42191637824
7cjs_B,val,after-complete,363604.8420350329,-28332.24944931466
7re4_A,val,after-complete,52810.60612816422,-17167.462251583038
6z01_A,val,after-complete,-89225.11197066109,-124048.90665615047
7bcz_A,val,after-complete,455550.008886806,-54452.55247628241
7pq7_A,val,after-complete,-18526.914322040688,-32658.787589867337
7tj1_D,val,after-complete,-16841.0335375937,-25408.819497563825
7wgk_A,val,after-complete,-28528.83240381456,-41528.812388346545
7b2a_A,val,after-complete,-15194.57233532032,-33905.98207942625
7w83_A,val,after-complete,-11091.808189196867,-24180.281385387763
7ny6_A,val,after-complete,-8860.132543300528,-24110.445751924082
7dkk_A,val,after-complete,-10544.063038639244,-14890.911123138849
7jt9_A,val,after-complete,-1621.3443948326822,-6956.097959094769
7tav_B,val,after-complete,-28097.000380247504,-41704.9240776972
7ndr_A,val,after-complete,-26792.93444354114,-44413.21524344356
7p3b_B,val,after-complete,-35857.0239892762,-92699.13018777437
7b26_C,val,after-complete,945619.3184575578,695160.6493049726
7q03_A,val,after-complete,-45619.38669938351,-64414.10732251475
7rbw_A,val,after-complete,4511491634812.29,4407925471374.981
7m0q_B,val,after-complete,-2464.708695589172,-12718.358951814722
7ouq_A,val,after-complete,129841.58055527625,-5533.129977364626
7dq9_A,val,after-complete,-37264.006455178926,-53162.45270411054
7ntn_A,val,after-complete,-11455.543767277046,-16213.495302181354
7ab3_E,val,after-complete,-14166.241071400676,-19673.363349132458
7f0h_A,val,after-complete,4347.2136758148845,-22570.679617998212
7sy9_A,val,after-complete,-61125.13001550996,-87075.67719760457
7dfe_A,val,after-complete,-11185.430025639906,-18496.598042640657
7q1b_A,val,after-complete,353182.9596573135,-38313.16328018585
7swk_B,val,after-complete,3378.523042613546,-22939.191490286365
7lxc_A,val,after-complete,-9297.955540610847,-23907.74739329997
7mrs_B,val,after-complete,3965.7566566696514,-28052.104200265785
7plb_B,val,after-complete,-35454.924139746974,-51273.161495078995
7l19_C,val,after-complete,-19300.295691657833,-30386.598825836452
7mfi_A,val,after-complete,-3025.584950622042,-24889.464167746337
7s02_C,val,after-complete,-2426.9180534372817,-4815.877598972112
7esx_A,val,after-complete,3.975326973614249e+18,1314479615049788.5
7dvn_A,val,after-complete,-15647.428802212484,-25154.880612010744
7ppp_A,val,after-complete,39216.58208965276,-12129.596870427207
7v5y_B,val,after-complete,-14560.329144524472,-19335.24118721186
7vnb_A,val,after-complete,-12419.170960731666,-18716.57830631997
7puo_A,val,after-complete,-16883.231247253287,-24280.398385996177
7dk9_A,val,after-complete,31072.918882524733,-42652.44307012598
6zpp_A,val,after-complete,-35562.18818744192,-44013.95071582589
7fbh_A,val,after-complete,3464.5785661567716,-53189.22837380436
7dqg_A,val,after-complete,51890.90164090653,-17609.073027685772
7mro_A,val,after-complete,-21596.399162414702,-40267.73683086505
7e0m_A,val,after-complete,-32263.547151230665,-57734.90983629326
6xqj_A,val,after-complete,2.3566151433065453e+17,2.356615143355374e+17
7l6y_A,val,after-complete,-22873.357638824462,-35700.05737793875
7b28_F,val,after-complete,2929780.287021405,-5208.442353858892
7mwr_A,val,after-complete,-31598.717459190022,-42471.95228171695
7thh_A,val,after-complete,-14109.871736658893,-21541.60738320551
7kzh_A,val,after-complete,-1294.894852248548,-25469.99376860702
7lnu_B,val,after-complete,-21910.635913506987,-45338.955446251755
7vmu_A,val,after-complete,778368.4415773712,7385.83745747891
7lew_B,val,after-complete,16313.372184540485,-8491.926119533906
7t5f_B,val,after-complete,-2974.5728193027817,-18259.68370340283
7q47_A,val,after-complete,-23816.29043247089,-38959.34537501256
7r84_A,val,after-complete,-670.0429020508095,-5683.408480183283
7e3z_A,val,after-complete,45353.71767380423,-51926.13117517086
7e2v_A,val,after-complete,-61484.136821942484,-90424.78770840458
6wmk_A,val,after-complete,291596.8914144048,30856.041685628104
7djy_A,val,after-complete,-11695.488209766942,-18766.11287158016
7ksp_A,val,after-complete,-28829.557722242793,-42933.82166064789
7b2o_A,val,after-complete,225208.22949374918,-34817.44557151644
7ta9_A,val,after-complete,1403512.1775647197,-44850.918267348025
7f6e_B,val,after-complete,-52526.42927212956,-69759.57572110588
7kua_A,val,after-complete,1938842.5416714172,130389.1092450596
7spo_C,val,after-complete,185214.48469360135,-2148.6261178469576
7dnu_A,val,after-complete,-20314.67621298842,-38461.706737491855
7eqx_A,val,after-complete,28686.60252264387,5240.6672386459595
7t71_A,val,after-complete,-41176.33297799065,-70268.31347069172
7swh_A,val,after-complete,284738.1044460999,-63749.47702630692
7fbp_B,val,after-complete,-862.980496801898,-4957.40233923374
7o49_F,val,after-complete,92990868.15746549,44836306.35162631
7vw0_B,val,after-complete,-2204.630689918252,-9789.201881075169
7e37_A,val,after-complete,-19598.77510911059,-38868.4059931589
7ee3_C,val,after-complete,-9337.82486425939,-19694.114639684936
7rg7_A,val,after-complete,1916836217644917.0,1913874935704669.8
7pqf_A,val,after-complete,-14371.812445085907,-30103.756835954006
7m4n_A,val,after-complete,-17785.83275887859,-28160.026650837102
7mrk_D,val,after-complete,-36071.45198198101,-52637.47848203869
7mfw_B,val,after-complete,-10121.580588489851,-15433.755215158137
7stz_C,val,after-complete,4308621.899876072,2158967.5795124923
7rds_A,val,after-complete,2626315.719903123,248127.90379257477
7eqx_C,val,after-complete,128852.72094074162,-48746.922325517946
7bgs_B,val,after-complete,2076.2288888093753,-22934.692161262003
7lvz_D,val,after-complete,-25199.6238743878,-41617.91979686766
7bhy_A,val,after-complete,-10715.977230284152,-13887.732304781077
7p82_C,val,after-complete,20129287.981724575,13455294.833111215
7ebt_B,val,after-complete,126007.03615220249,-25491.847544061027
7kdx_B,val,after-complete,116907751.83053148,94747.51217793209
7kuw_A,val,after-complete,-8955.110803705224,-12540.061048331954
7b0d_A,val,after-complete,9.316848519859317e+18,9.316848150970452e+18
7dko_A,val,after-complete,-11634.664685747743,-16104.178542951018
7t24_A,val,after-complete,-53154.27515438631,-85034.78493423374
7b7t_A,val,after-complete,2674905.385098582,-89762.73217018483
7mu9_A,val,after-complete,-16626.623898848004,-24300.631563209852
7obm_A,val,after-complete,438645.2210191529,-97295.32251763609
7pab_A,val,after-complete,37077728840564.43,15585704910.268436
7rwk_A,val,after-complete,-46772.60382003334,-75040.35091422634
7b1w_F,val,after-complete,-15429.309028523017,-36935.25178225191
7ls0_B,val,after-complete,61503.94840609635,4211.222581320399
7ewu_B,val,after-complete,1902165.3377203336,26170.782649645
7jiz_A,val,after-complete,-31138.358653447052,-45491.24218400077
7t9w_B,val,after-complete,-4967.332383802095,-11311.220774305706
7b3a_A,val,after-complete,31342.154727255627,-44748.02098247225
7ofn_A,val,after-complete,-14588.121224922399,-23276.96591086263
7au7_A,val,after-complete,-14707.959786494255,-32011.76203220569
7sir_A,val,after-complete,23878028.393950354,18665.66245778289
7on9_A,val,after-complete,7114850.773133765,-74715.66325645684
7m4m_A,val,after-complete,-30137.53488832869,-50464.9599860758
7dut_A,val,after-complete,-22683.63004818117,-36411.32291725113
7bbz_A,val,after-complete,282007.79410163977,-40936.79926300299
7l6j_A,val,after-complete,-40965.49171019901,-51333.93215474625
7tb5_A,val,after-complete,46819834551161.67,1568171854.6573062
7awk_A,val,after-complete,-8951.440787565873,-21099.285133526806
7kos_A,val,after-complete,-14869.333237897275,-23583.020755505677
7vpf_A,val,after-complete,-22209.496408815172,-55155.34935411036
7lbu_A,val,after-complete,615792.8054596512,109141.94834713693
7tcb_B,val,after-complete,-16210.29764251292,-30022.550148640817
7b4q_A,val,after-complete,-45701.18137832661,-64129.58882229563
7mqy_A,val,after-complete,12963086367.331474,7777440402.72423
7dup_A,val,after-complete,-32315.73267020881,-93273.9458194016
7e0m_A,val,after-inprogress,-52248.66874026442,-69974.59304461611
7l6y_A,val,after-inprogress,23052360136.451267,51247.471032074995
6xqj_A,val,after-inprogress,34880894.90909198,14607401.468338925
7thh_A,val,after-inprogress,-15880.403970329997,-22534.853129553492
7mwr_A,val,after-inprogress,-35419.2257722002,-45186.645305468905
7lxc_A,val,after-inprogress,-22056.382115739787,-27141.403980539104
7swk_B,val,after-inprogress,17997460.95039352,-51281.935550310845
7q1b_A,val,after-inprogress,-53190.91402746256,-74048.98823635136
7dfe_A,val,after-inprogress,-13595.93440947415,-20412.4474399811
7sy9_A,val,after-inprogress,2625492.5681910547,-84269.19889445198
7esx_A,val,after-inprogress,865839510278.5306,323475739981.8498
7dvn_A,val,after-inprogress,-22326.008840460265,-30488.62509863291
7mfi_A,val,after-inprogress,-16619.772186695285,-26339.89504199371
7s02_C,val,after-inprogress,-3102.760607849608,-4994.362037766561
7plb_B,val,after-inprogress,157728043240.31528,-47939.416639475014
7l19_C,val,after-inprogress,-24306.957426620993,-33587.611377407615
7mrs_B,val,after-inprogress,24633312.43959263,-19070.209247364488
7v5y_B,val,after-inprogress,-15769.609538884786,-20157.879855507697
7ppp_A,val,after-inprogress,-14931.111380752762,-19330.347144027724
7mro_A,val,after-inprogress,15226447.713937117,-33733.02690182718
7dqg_A,val,after-inprogress,-23048.857484451648,-33361.495852681226
6zpp_A,val,after-inprogress,-35296.48902428309,-43318.080702384046
7fbh_A,val,after-inprogress,-30677.919243364402,-59704.30272994856
7dk9_A,val,after-inprogress,-31863.84972825806,-45634.19331867242
7puo_A,val,after-inprogress,-18869.63230198527,-25251.025499971416
7vnb_A,val,after-inprogress,-13304.576664183956,-19825.273325032664
7dnu_A,val,after-inprogress,87473556.65250866,-45123.88298262906
7spo_C,val,after-inprogress,-16846.706862573003,-23542.836024226697
7kua_A,val,after-inprogress,-29995.346334035734,-40217.65079827134
7f6e_B,val,after-inprogress,-54400.64875392381,-69715.99864434646
7swh_A,val,after-inprogress,-56445.03820963386,-75575.07997082628
7fbp_B,val,after-inprogress,-5520.3644799341555,-6622.203264314649
7t71_A,val,after-inprogress,-53033.74535190239,-73263.20351294387
7eqx_A,val,after-inprogress,-14999.403619305574,-21146.74534157109
7e37_A,val,after-inprogress,-38890.07306346895,-55805.200203959874
7o49_F,val,after-inprogress,33197666874.7264,22402163097.25598
7vw0_B,val,after-inprogress,-9863.778682031867,-15639.208785501118
7lew_B,val,after-inprogress,-7848.121199790949,-11358.294663760811
7vmu_A,val,after-inprogress,5655120.70677097,-18884.587122128334
7lnu_B,val,after-inprogress,-27342.560354183875,-47156.487100752915
7kzh_A,val,after-inprogress,-19749.009620992725,-35546.06451612066
7e2v_A,val,after-inprogress,3061313.2686706977,-71795.99103179653
7e3z_A,val,after-inprogress,-17441.397592600162,-53327.97240879573
7r84_A,val,after-inprogress,-1950.151568117668,-6415.066985636149
7q47_A,val,after-inprogress,-32548.538144161357,-40793.537338309354
7t5f_B,val,after-inprogress,-14221.858288721989,-21717.413041805572
7ksp_A,val,after-inprogress,-32607.027663913173,-46037.7340938061
7djy_A,val,after-inprogress,-15274.077417328856,-21515.016832981928
6wmk_A,val,after-inprogress,-12123.164019034859,-16679.55570553863
7ta9_A,val,after-inprogress,-37412.67875731211,-53764.62144464965
7b2o_A,val,after-inprogress,627792.7701607897,-46174.768407716685
7p82_C,val,after-inprogress,886607.1070871336,-67212.21405405304
7bhy_A,val,after-inprogress,-11211.922539453251,-14421.026744408166
7bgs_B,val,after-inprogress,4096404606.898643,4096383967.5466447
7lvz_D,val,after-inprogress,-33144.56834204288,-46707.49419940208
7b0d_A,val,after-inprogress,16573.38676117264,-75006.38542929097
7dko_A,val,after-inprogress,-9789.7529729433,-14544.745318968084
7kuw_A,val,after-inprogress,-9512.624977928115,-12659.239796700143
7kdx_B,val,after-inprogress,11759957.79217907,-130766.57790843512
7ebt_B,val,after-inprogress,-7006.356208152089,-42536.1794661345
7rwk_A,val,after-inprogress,-39289.98585605868,-81995.17996103395
7pab_A,val,after-inprogress,1019109153684.1412,102985954.13987876
7mu9_A,val,after-inprogress,-19415.409391216454,-25143.6378432471
7obm_A,val,after-inprogress,13825266.786201997,-113316.56688150926
7b7t_A,val,after-inprogress,-41388.49171085166,-106871.83508339699
7t24_A,val,after-inprogress,-65059.24386161857,-86266.92291099073
7ls0_B,val,after-inprogress,90137.09675394959,-33371.05153855217
7b1w_F,val,after-inprogress,-29037.853730153947,-42109.750529698875
7pqf_A,val,after-inprogress,-20117.60329976886,-32209.801456532303
7ee3_C,val,after-inprogress,19345229488.467716,-19337.79061840323
7rg7_A,val,after-inprogress,14440752378959.162,14187048574247.818
7m4n_A,val,after-inprogress,-20786.262201655187,-30451.973919420656
7mrk_D,val,after-inprogress,44977006.16454788,-41303.321047183475
7rds_A,val,after-inprogress,28360927.73860453,1369404.8338814296
7stz_C,val,after-inprogress,967018.3930592068,924511.8848214173
7mfw_B,val,after-inprogress,-12952.418200849334,-17646.313228030453
7eqx_C,val,after-inprogress,-34651.13360926573,-49822.8713332921
7tb5_A,val,after-inprogress,12105519.983955804,11495689.68710836
7l6j_A,val,after-inprogress,599869.0996865242,-47643.318176547145
7bbz_A,val,after-inprogress,-41356.52452420941,-55380.67049040468
7kos_A,val,after-inprogress,-17666.16396242966,-25559.289377014804
7awk_A,val,after-inprogress,370932.3464766214,-11929.188059729064
7tcb_B,val,after-inprogress,-18488.614577839555,-31621.924136368667
7vpf_A,val,after-inprogress,-43812.31879504112,-61676.4133233299
7mqy_A,val,after-inprogress,62355621.92681822,283572.0370219796
7dup_A,val,after-inprogress,9292406.928838436,790136.3089435159
7b4q_A,val,after-inprogress,351949.23177851667,-58264.71870568421
7t9w_B,val,after-inprogress,-1955.5348127235038,-11477.222101927058
7jiz_A,val,after-inprogress,13782808250.64805,103413.00619688291
7ewu_B,val,after-inprogress,-12713.05815955903,-27848.139279596784
7ofn_A,val,after-inprogress,-17487.497443635213,-25134.91497675355
7b3a_A,val,after-inprogress,-39398.12951750307,-55647.36406496534
7dut_A,val,after-inprogress,-24538.872034410182,-37210.979441672884
7m4m_A,val,after-inprogress,-33762.282982654106,-55002.35103515784
7sir_A,val,after-inprogress,524629774.6540655,-72067.87108365392
7on9_A,val,after-inprogress,107626.63587783849,-78600.90954306866
7au7_A,val,after-inprogress,9587.17509692182,-36420.45609728142
7dtp_A,val,after-inprogress,17744534.104326565,-47228.67823860847
7f7n_A,val,after-inprogress,-25672.291798984814,-30895.802167584076
7mpz_A,val,after-inprogress,-34373.62076528861,-43753.49846159967
7dcm_A,val,after-inprogress,-9651.985373179543,-36561.80881680277
7lqn_A,val,after-inprogress,-32157.218879867563,-49353.475316625525
7l8n_A,val,after-inprogress,-17082.13787381564,-24703.89848001121
7nf9_A,val,after-inprogress,-3433.3887953078865,-7799.347934000743
7vdy_A,val,after-inprogress,-46406.47345875839,-60291.89473985501
7wbr_A,val,after-inprogress,-53498.70504398705,-75516.03957979367
7ar0_B,val,after-inprogress,-16715.07475878457,-22601.62125877187
7thw_A,val,after-inprogress,4512858932.297473,13583.540410827265
7sf6_A,val,after-inprogress,-35382.25272629336,-51480.1428715762
7spp_C,val,after-inprogress,1158287.8501295694,30988.17077118999
7v1v_A,val,after-inprogress,1182482368.385674,325057709.34268093
7pbk_A,val,after-inprogress,-9564.763270355877,-118264.39662431023
7et8_A,val,after-inprogress,90629.43666195864,-39386.85309515463
7mcc_A,val,after-inprogress,-20252.536959787736,-31744.320047025554
6wqc_A,val,after-inprogress,-36076.9072447917,-54381.48550058026
6tf4_A,val,after-inprogress,284551292.9418606,141051949.4021318
7don_B,val,after-inprogress,159595.80948478877,-62032.91485747945
7b1k_B,val,after-inprogress,-12264.073020573882,-25470.937867974102
7dms_A,val,after-inprogress,-14432.096413627849,-19677.673190562095
7rdt_A,val,after-inprogress,-26369.11693522459,-39419.9633551889
7nl4_A,val,after-inprogress,-15416.404547226253,-24593.261580177037
7lqm_D,val,after-inprogress,-30534.144218535883,-50858.19631772813
7bny_B,val,after-inprogress,72495194464.78941,37647513317.15045
7ool_A,val,after-inprogress,-10080.584173738756,-16155.297514801623
7mrq_A,val,after-inprogress,169310324.12664017,-43697.463057286965
7fh3_A,val,after-inprogress,24819.700110182548,-68423.77029925118
7kpj_E,val,after-inprogress,-31584.987285099593,-46903.83798681848
7kqv_D,val,after-inprogress,-42696.64507681168,-68352.562406409
7p3t_B,val,after-inprogress,119429.16295548505,-63038.49645006771
7dsu_B,val,after-inprogress,82962371.9250329,18004.19476266831
7s94_C,val,after-inprogress,-18806.56327729246,-22887.85571915703
7tbs_A,val,after-inprogress,2303417.2905013217,-32114.827617888426
7fe3_A,val,after-inprogress,29057444455.551308,29057251307.80359
7re6_A,val,after-inprogress,-37373.220462896265,-69372.36147359913
7f8a_A,val,after-inprogress,-46514.35792930717,-59514.009378545525
7fip_A,val,after-inprogress,28497844.185151696,25609378.066417474
7kik_A,val,after-inprogress,516471.2104667757,-16989.35470534027
7prd_A,val,after-inprogress,-11576.024801121272,-20364.253179061558
7v6p_A,val,after-inprogress,393467757.2914058,551074.4455080926
7ljh_A,val,after-inprogress,-19998.071382720176,-61412.172276835016
7lgr_A,val,after-inprogress,49533962317.22322,49533485252.98522
7ef6_A,val,after-inprogress,-30099.960506871077,-47585.908045106764
7atr_A,val,after-inprogress,13287825.478188578,9392855.124246124
7re4_A,val,after-inprogress,4788056074.501806,863590649.4415946
7cjs_B,val,after-inprogress,-24145.41550993664,-34236.855268819854
7dru_C,val,after-inprogress,-4354.482007593255,-22284.905128948725
7lsv_B,val,after-inprogress,-24437.787663113253,-33996.309046953116
7tkv_A,val,after-inprogress,-9683.210053770505,-131350.29615693854
7duv_A,val,after-inprogress,-14273.350913652535,-21520.346226303234
7kiu_A,val,after-inprogress,1591066.1545141486,310524.31541939435
7ffa_A,val,after-inprogress,4980207061.615326,-224636.92897908416
7bcb_B,val,after-inprogress,-23486.49653007534,-28642.350862110194
7t8o_B,val,after-inprogress,-35577.369096748116,-47850.66270610884
7lc5_A,val,after-inprogress,-33332.70056285861,-45246.24829445275
7poh_B,val,after-inprogress,-10125.859654160387,-16065.690029847046
7bew_A,val,after-inprogress,-3111.90076970902,-300162.8312396171
7bcj_A,val,after-inprogress,-9463.17885860458,-18106.95414051716
7dmf_A,val,after-inprogress,93694.9864902647,-40192.51570341909
7q03_A,val,after-inprogress,-46041.74602505274,-64379.869868393944
7rbw_A,val,after-inprogress,2428375468692.3154,2428369510501.147
7m0q_B,val,after-inprogress,-6897.389238418267,-14607.244271311429
7ab3_E,val,after-inprogress,-15436.688634612798,-20554.117179139652
7ntn_A,val,after-inprogress,-13083.119953257727,-17358.731266827457
7dq9_A,val,after-inprogress,-36659.62355075494,-53625.53140862692
7f0h_A,val,after-inprogress,-17726.260565282315,-27312.552097270738
7tj1_D,val,after-inprogress,-16609.431411948106,-24891.313266330937
7bcz_A,val,after-inprogress,41307022808.87052,-39689.02312469614
7pq7_A,val,after-inprogress,-24108.2413598114,-35962.19507595032
6z01_A,val,after-inprogress,64300312.89749959,-107169.14364768492
7dkk_A,val,after-inprogress,-11959.475897821356,-15265.561553498197
7ny6_A,val,after-inprogress,-17918.40562200224,-28807.61162082836
7w83_A,val,after-inprogress,-11701.402167686534,-25233.174053385173
7b2a_A,val,after-inprogress,187848.14998824053,-35200.36103819964
7wgk_A,val,after-inprogress,-33270.02136173989,-44608.15709392799
7tav_B,val,after-inprogress,-29888.71294086535,-42494.88394938536
7jt9_A,val,after-inprogress,1018050.564619059,-458.46009135929125
7p3b_B,val,after-inprogress,-71588.72770369373,-93243.33427342799
7b26_C,val,after-inprogress,75250.87249805144,-16343.845781867683
7ndr_A,val,after-inprogress,20082.799854705576,-34016.704350758555
7lbu_A,val,after-inprogress,1327115.6555756652,-73638.85970419261
7ezg_A,val,after-inprogress,-31582.984216094053,-51523.745598959016
7x0q_A,test,before,484729.88231816504,-43786.12080560074
7e52_A,test,before,16966566.68238724,75902.78313195819
7ulh_A,test,before,1.1553467548645107e+20,298569857723.5584
7rcz_A,test,before,225077136.64042896,-40671.99306352045
8ahp_A,test,before,400737021086550.75,398014150456894.3
7yta_B,test,before,227790034464168.25,227746425270873.1
7n99_A,test,before,15692130994203.922,6347054707.409646
7x5e_B,test,before,151372682837653.66,172494072.25893745
7v4s_A,test,before,539113.1541031991,-2882.3842772424678
7nqd_B,test,before,50270777092465.83,4617911.393336311
8day_A,test,before,46674991163.74456,34566720917.126144
7vrs_C,test,before,19503447229.34396,169933867.7462348
7t5w_B,test,before,269916554865.2755,128500373.86886923
7ko9_A,test,before,14125166085.26861,35398891.25498877
7x2e_A,test,before,209288190019.08792,20699311.91942596
7li0_A,test,before,228900.7515447985,161120.78111317978
7mq4_A,test,before,90178031.63960211,196068.9941256339
7zro_A,test,before,430732665.2653215,4183576.9490846083
7x0d_A,test,before,6717388144781495.0,39102532029.79849
7usv_D,test,before,32474551147.147495,98857460.95394066
7vmh_C,test,before,43815229985.378586,2357548.7786480333
7upm_A,test,before,2816962926.350168,1862615868.0630286
7qs5_A,test,before,14015304.321331969,358981.95365969534
7q51_A,test,before,5108848678159046.0,244283872619.06708
7ed6_A,test,before,622904028103.9415,26200793000.212925
7wrk_A,test,before,6.385016466030536e+17,936537085768.788
7tze_C,test,before,1140045331856.877,136997137042.39546
7q4l_A,test,before,1131107410405.2822,1130969396753.0332
7ri3_C,test,before,5.409133759693849e+21,5.407716893209577e+21
7rt7_D,test,before,151199932.81517258,198080.68765078753
7ebt_B,test,before,183385476188.4419,132552060197.84299
7x8j_A,test,before,6206765811505839.0,115724254221.64871
7rup_A,test,before,71161514263.6956,30191.104878555816
8d1x_D,test,before,7093884753.942988,86205.34819054065
7te2_A,test,before,10525565489.935312,7196147718.148647
7n45_A,test,before,29783849484.099426,253193743.6592306
7qdw_A,test,before,16185997319.91691,133898.17553443325
7t9x_A,test,before,142094144734.105,1811398803.0349483
7lk4_D,test,before,47765175298184.875,40468564.83997611
7zou_A,test,before,87196.1410065733,-13570.893312202705
7win_B,test,before,2823248451403.8325,2106705661658.6326
7v5f_A,test,before,16386827830.913168,119771.52785345819
7qys_L,test,before,5.39809615852089e+16,149030841.39675605
7uss_A,test,before,4.2659007173580856e+16,2.628167670888818e+16
7mni_C,test,before,2.5763691465949264e+17,2243586115490770.5
7vfc_A,test,before,38144.82751361474,-23036.4175894223
7x8c_B,test,before,133110.70150678823,14726.779196853917
7a67_A,test,before,201805902.55910745,116883.07931199492
7upq_B,test,before,7625832.092022249,2134.415355576997
7vrb_A,test,before,1232661691203711.2,1232440204640210.5
7q6g_A,test,before,4795572687.178852,15942200.722076118
7zty_A,test,before,1.974050885383175e+18,1.96739594395403e+18
7qau_A,test,before,27166234460.49893,569752.8087274159
7vmf_A,test,before,34960.6687900907,-3347.085798472729
7t1j_B,test,before,45073805.38792997,5030992.081692859
7x0r_B,test,before,2708752686704.021,1021342120468.6494
7u04_H,test,before,7620791450658.306,1088552779.8512788
7u4h_A,test,before,2.287822058019872e+20,2.2878023246140228e+20
7rpr_A,test,before,1025330953496.9769,29535302.900309164
7v2s_B,test,before,3870083153634.2637,2631674944454.006
7on7_A,test,before,15421332110.14496,5699717963.088461
7fax_A,test,before,2713132256008.367,25246680.359462295
7e0v_C,test,before,27064457.470639747,102422.44183031806
7vnx_A,test,before,192020658941.18158,148348979756.73926
7wme_A,test,before,1.0063334940259597e+18,61530210583.19623
7ea4_A,test,before,2309216996980135.0,1047055678739.9574
8cxa_A,test,before,90087878940.51242,28347471947.814575
7el8_A,test,before,774117950622756.4,774064848878567.8
7vtk_A,test,before,522557414.6626836,518652800.10295826
8ctr_A,test,before,534881522155394.3,3369410.448394158
7snj_A,test,before,297271196166766.75,296788756735728.7
7x4o_B,test,before,114716489067.67369,24815991931.367455
7ewu_B,test,before,12180761944964.164,4860743063367.2
7ocj_G,test,before,490334933.44523716,4117615.5125063974
7spn_A,test,before,10511241396.831299,10159854071.424513
8bnt_B,test,before,15465655.440657236,238621.15914700605
7p4l_B,test,before,12063141751690.82,2742566216640.9897
7rbp_A,test,before,5906511093229829.0,5901937691891067.0
7wrk_A,test,after,6.385016466030536e+17,936537285923.0787
7tze_C,test,after,1140045331856.8774,136997132032.48422
7q4l_A,test,after,1131107410405.283,1130969479908.621
7qs5_A,test,after,14015304.320539579,358981.9534194475
7q51_A,test,after,5108848678159043.0,244283812069.37338
7ed6_A,test,after,622904028103.9413,26200793003.644283
7t9x_A,test,after,142094144734.10553,1811399868.1291146
7win_B,test,after,2823248451403.8306,2106705767131.371
7lk4_D,test,after,47765175298184.875,40468261.09447563
7zou_A,test,after,87196.14074259937,-13570.893621658772
7v5f_A,test,after,16386827830.913101,119771.48900956904
7ri3_C,test,after,5.409133759693849e+21,5.407716893209286e+21
7rt7_D,test,after,151199932.81579217,198080.68779262019
7ebt_B,test,after,183385476188.442,132552122651.66687
7x8j_A,test,after,6206765811505837.0,115724213346.98903
7qdw_A,test,after,16185997319.916962,-7900328.012051482
7rup_A,test,after,71161514263.69572,30191.104777296165
8d1x_D,test,after,7093884753.945882,86205.35005017124
7te2_A,test,after,10525565489.93547,7196147716.627081
7n45_A,test,after,29783849484.10058,253193743.65883157
7yta_B,test,after,227790034464168.34,227746425270873.06
7n99_A,test,after,15692130994203.926,6347056715.827714
7v4s_A,test,after,539113.1533746297,-2882.384050544325
7x5e_B,test,after,151372682837653.66,172491944.3928502
7t5w_B,test,after,269916554865.27527,128500374.28050664
7ko9_A,test,after,14125166085.271257,35398890.12813115
7nqd_B,test,after,50270777092465.836,4617945.84052209
8day_A,test,after,46674991163.74411,34566761930.06139
7vrs_C,test,after,19503447229.343826,169935855.93580827
7x0q_A,test,after,484729.8804963495,-43786.12120435171
7e52_A,test,after,16966566.682034772,75902.78302163778
7ulh_A,test,after,1.1553467548645107e+20,298569787711.1573
7rcz_A,test,after,225077136.6407985,-40659.021167135375
8ahp_A,test,after,400737021086550.8,398014219238653.75
7usv_D,test,after,32474551147.146862,98857456.20273201
7zro_A,test,after,430732665.2649541,4183413.3519989713
7x0d_A,test,after,6717388144781495.0,39102258942.382164
7upm_A,test,after,2816962926.35005,1862606800.4849236
7vmh_C,test,after,43815229985.378426,2357863.8725896496
7mq4_A,test,after,90178031.63917613,196061.5628287485
7li0_A,test,after,228900.74976914347,161120.77997007512
7x2e_A,test,after,209288190019.0869,20699026.495185014
7ea4_A,test,after,2309216996980134.5,1047055724016.3978
8cxa_A,test,after,90087878940.51471,28347487807.28184
7fax_A,test,after,2713132256008.366,25246679.97153096
7wme_A,test,after,1.0063334940259594e+18,61530244267.22953
7e0v_C,test,after,27064457.468564853,102422.44044977581
7vnx_A,test,after,192020658941.1821,148349014287.43127
8bnt_B,test,after,15465655.441505665,238624.07594090546
7p4l_B,test,after,12063141751690.816,2742566087435.8633
7rbp_A,test,after,5906511093229831.0,5901937691891067.0
7el8_A,test,after,774117950622756.1,774064848878568.4
7vtk_A,test,after,522557414.6624729,518652606.5582152
7snj_A,test,after,297271196166766.75,296788756735728.75
8ctr_A,test,after,534881522155394.5,3403202.7617988475
7x4o_B,test,after,114716489067.6734,24816134796.88758
7ewu_B,test,after,12180761944964.168,4860742844001.911
7ocj_G,test,after,490334933.44509476,4117602.873967859
7spn_A,test,after,10511241396.831785,10159860042.756565
7vrb_A,test,after,1232661691203711.2,1232440204640235.0
7upq_B,test,after,7625832.091610419,2134.4149557778655
7q6g_A,test,after,4795572687.180685,15940398.877424208
7zty_A,test,after,1.974050885383175e+18,1.9673959439548516e+18
7uss_A,test,after,4.2659007173580856e+16,2.628167670888818e+16
7qys_L,test,after,5.398096158520887e+16,149030841.39614138
7mni_C,test,after,2.5763691465949264e+17,2243586017455123.2
7vfc_A,test,after,38144.82760779934,-23036.416898666976
7a67_A,test,after,201805902.5588211,117176.65420501726
7x8c_B,test,after,133110.70102102633,14726.778236275382
7x0r_B,test,after,2708752686704.0195,1021342220035.9757
7u04_H,test,after,7620791450658.307,1088558252.4860399
7u4h_A,test,after,2.2878220580198708e+20,2.2878023246140205e+20
7rpr_A,test,after,1025330953496.9777,29532652.880297165
7v2s_B,test,after,3870083153634.264,2631674944454.006
7on7_A,test,after,15421332110.144245,5699713978.124138
7qau_A,test,after,27166234460.49823,569882.2976208051
7vmf_A,test,after,34960.66801428613,-3130.630304210048
7t1j_B,test,after,45073805.38745128,5038082.459846374
