protein_name,key,rmsd_ca,duration
10#1WAZ_1_A,RMSD_CA,0.6363205653541116,70.53507566452026
10#2EEM_1_A,RMSD_CA,0.894565342666127,34.606359243392944
10#1Z9V_1_A,RMSD_CA,1.3383635627739667,495.4431824684143
10#2MNJ_1_A,RMSD_CA,0.3524257842023318,30.19338035583496
10#2MHD_1_A,RMSD_CA,0.7372067886286301,338.36463379859924
10#3NO7_1_A,RMSD_CA,1.0952503899559236,81.9446210861206
10#2KW1_1_A,RMSD_CA,0.23231365171597973,120.85253190994263
10#2FK5_1_A,RMSD_CA,0.8527862884885931,1856.631195783615
10#2MFQ_2_B,RMSD_CA,1.1669570876262094,219.61714386940002
10#2MXX_1_A,RMSD_CA,4.051450926658606,764.3929052352905
10#3ALR_1_A,RMSD_CA,0.32980587517069104,65.40662741661072
10#4QTQ_1_A,RMSD_CA,0.3945988083674315,1130.5032951831818
10#4USL_2_D,RMSD_CA,0.05027581929752571,6.452598333358765
10#4YBB_21_AU,RMSD_CA,1.0539614014178849,93.44896793365479
10#4IGA_2_B,RMSD_CA,0.415927303738118,242.22170424461365
10#4A1R_1_A,RMSD_CA,0.30889725251210615,979.6926271915436
10#4DT7_3_E,RMSD_CA,0.6369398842799611,108.63350033760071
10#4DAY_3_C,RMSD_CA,0.2897486162731808,31.769668102264404
10#4HN7_1_A,RMSD_CA,0.4917292444419817,290.36767292022705
102L_1_A,RMSD_CA,0.5325352447483285,461.99671363830566
102M_1_A,RMSD_CA,0.42310850878588574,585.2707831859589
107L_1_A,RMSD_CA,0.43624992196783025,809.3700830936432
104L_1_A,RMSD_CA,10.888511114887752,572.8484072685242
109L_1_A,RMSD_CA,0.35036504602352114,1106.0149915218353
108L_1_A,RMSD_CA,0.443455968808514,623.08589220047
110L_1_A,RMSD_CA,0.39360606715288,640.4085257053375
111L_1_A,RMSD_CA,0.386327432882138,1122.2286593914032
112L_1_A,RMSD_CA,0.4141232677608852,397.0628151893616
115L_1_A,RMSD_CA,0.47549238195989696,583.7675867080688
114L_1_A,RMSD_CA,0.386406402028478,571.0000987052917
113L_1_A,RMSD_CA,0.34264559401179695,718.28258061409
118L_1_A,RMSD_CA,0.4095964186846087,503.68888759613037
119L_1_A,RMSD_CA,0.41677238700830965,678.5939693450928
120L_1_A,RMSD_CA,0.3696413487360703,694.8409662246704
122L_1_A,RMSD_CA,0.40220115819563923,616.1434488296509
123L_1_A,RMSD_CA,0.4230413862930703,417.4908666610718
125L_1_A,RMSD_CA,0.4111535619363708,750.2253878116608
126L_1_A,RMSD_CA,0.4057272627945962,710.4123251438141
127L_1_A,RMSD_CA,0.45063860504313946,1927.812081336975
128L_1_A,RMSD_CA,0.4960854497725004,566.0332741737366
129L_1_A,RMSD_CA,0.5264052034439618,708.6839730739594
12E8_1_L,RMSD_CA,0.7951715521103166,1747.5201377868652
12E8_2_H,RMSD_CA,4.100001158822348,1746.2702777385712
12E8_d12e8m1,RMSD_CA,0.26799408359346455,278.5681416988373
12E8_d12e8m2,RMSD_CA,0.32744979826779197,315.28711342811584
12E8_d12e8p1,RMSD_CA,0.3860460058571369,401.8820204734802
12E8_d12e8p2,RMSD_CA,0.4590875232086929,434.8603708744049
130L_1_A,RMSD_CA,0.3855999882432554,562.758419752121
131L_1_A,RMSD_CA,0.4699192915221816,814.9288835525513
133L_1_A,RMSD_CA,0.556776103540465,587.250519990921
134L_1_A,RMSD_CA,0.4926226303362941,390.5107479095459
137L_1_A,RMSD_CA,0.4418015335245589,400.3368835449219
138L_1_A,RMSD_CA,0.42376494565517775,708.8348557949066
140L_1_A,RMSD_CA,0.4374995641752723,2152.7762308120728
141L_1_A,RMSD_CA,0.41044281134691,835.1942522525787
142L_1_A,RMSD_CA,0.37706491924725066,1487.8818027973175
143L_1_A,RMSD_CA,0.38678922224810103,373.5721151828766
144L_1_A,RMSD_CA,0.48390316883229906,413.81369161605835
145L_1_A,RMSD_CA,0.3679845421102397,970.5599465370178
146L_1_A,RMSD_CA,0.37405759993104853,538.0309970378876
147L_1_A,RMSD_CA,0.37238991671691923,739.7489895820618
149L_1_A,RMSD_CA,0.9516738353509046,2126.680328845978
151L_1_A,RMSD_CA,1.8385553104388734,1420.6673691272736
152L_1_A,RMSD_CA,0.6401527844406135,979.2528164386749
154L_1_A,RMSD_CA,0.5242294264037604,1916.9354946613312
155L_1_A,RMSD_CA,0.3682893218380872,930.5242331027985
156L_1_A,RMSD_CA,0.5293569819096038,391.46230936050415
157L_1_A,RMSD_CA,0.37972024714399605,771.5906949043274
158L_1_A,RMSD_CA,0.45952789207729433,897.900648355484
159L_1_A,RMSD_CA,0.41998966673077676,826.8719806671143
15C8_1_L,RMSD_CA,0.5426194515046486,2085.220252752304
160L_1_A,RMSD_CA,0.36908700184157195,1406.4993064403534
161L_1_A,RMSD_CA,0.48395811388387144,395.36077880859375
162L_1_A,RMSD_CA,0.522934869817706,356.8068449497223
163L_1_A,RMSD_CA,0.4794705821157769,374.51559472084045
164L_1_A,RMSD_CA,0.42042924713522806,459.5890443325043
165L_1_A,RMSD_CA,0.4207411560097801,600.1150877475739
166L_1_A,RMSD_CA,0.48516454644381496,1302.6100602149963
167L_1_A,RMSD_CA,13.488991137680772,194.68173623085022
168L_1_A,RMSD_CA,1.8722151322690574,1853.779281616211
169L_1_A,RMSD_CA,1.0969307532692434,1398.0902049541473
16PK_1_A,RMSD_CA,1.9070957377935538,9352.136811256409
170L_1_A,RMSD_CA,0.7935137015356248,1361.5944724082947
171L_1_A,RMSD_CA,1.3029709111408603,1256.6693704128265
172L_1_A,RMSD_CA,0.6886021035133617,1377.6285345554352
173L_1_A,RMSD_CA,0.722697911567169,1565.4878144264221
174L_1_A,RMSD_CA,1.1081112157420185,1122.9009082317352
175L_1_A,RMSD_CA,0.5531350048185539,1473.7732071876526
176L_1_A,RMSD_CA,7.753791275359661,4097.147508382797
178L_1_A,RMSD_CA,0.9227162700534701,927.6113665103912
17GS_1_A,RMSD_CA,0.5429234736478072,2340.713395357132
17GS_d17gsa2,RMSD_CA,0.41055591605023595,193.76684880256653
17GS_d17gsb2,RMSD_CA,0.3744287935366019,170.56691217422485
180L_1_A,RMSD_CA,0.3730511740729508,966.7894837856293
189L_1_A,RMSD_CA,1.1949116581184582,2047.5123598575592
190L_1_A,RMSD_CA,0.46225837923641594,432.5025134086609
1914_d1914a1,RMSD_CA,1.1467632648639365,346.31255054473877
191L_1_A,RMSD_CA,0.4820170626507522,617.9452128410339
195L_1_A,RMSD_CA,0.47031209741169244,766.956610918045
196L_1_A,RMSD_CA,0.6493487037090426,663.7057282924652
197L_1_A,RMSD_CA,0.41944555805668954,1456.767626285553
198L_1_A,RMSD_CA,0.5293080964436465,950.315550327301
199L_1_A,RMSD_CA,0.46071691643194945,796.1596043109894
19HC_1_A,RMSD_CA,0.9035043609328445,4245.257866859436
1A00_2_B,RMSD_CA,0.6248237727971486,2580.702794790268
1A01_2_B,RMSD_CA,0.463800209386565,1372.1740727424622
1A02_4_F,RMSD_CA,0.977470343655869,86.27304291725159
1A02_5_J,RMSD_CA,2.620465812071513,431.01903343200684
1A04_d1a04b2,RMSD_CA,0.5589593066999594,573.0049593448639
1A05_1_A,RMSD_CA,0.5971883338748206,8337.68399477005
1A0A_3_A,RMSD_CA,2.481921828861916,263.3414328098297
1A0H_1_A,RMSD_CA,7.818731428271187,1540.837899684906
1A0H_d1a0hd1,RMSD_CA,5.807820257992029,607.5627136230469
1A0J_1_A,RMSD_CA,0.3874323427569215,1273.423918247223
1A0K_1_A,RMSD_CA,0.2847110335833564,363.6121623516083
1A0L_1_A,RMSD_CA,0.49507574003095506,3087.2744081020355
1A0N_2_B,RMSD_CA,0.7796351188877253,115.50821852684021
1A0R_1_B,RMSD_CA,1.1099018313738929,4517.5268812179565
1A0R_2_G,RMSD_CA,2.9292240724758134,214.20530009269714
1A0S_1_P,RMSD_CA,0.73124154899384,26619.176608800888
1A14_2_H,RMSD_CA,0.4715791600978632,492.2312488555908
1A12_1_A,RMSD_CA,0.5101676600417868,7556.36604142189
1A14_3_L,RMSD_CA,0.42106936707277975,489.27725553512573
1A1G_d1a1ga1,RMSD_CA,0.6563968392169387,67.27137517929077
1A1G_3_A,RMSD_CA,1.783269171494862,355.80733919143677
1A1H_3_A,RMSD_CA,1.1385429651463903,377.96824645996094
1A1H_d1a1ha1,RMSD_CA,0.37800972213612205,50.29784440994263
1A1I_3_A,RMSD_CA,1.477851155845743,402.2158672809601
1A1I_d1a1ia1,RMSD_CA,0.22668573787702986,34.57294464111328
1A1I_d1a1ia2,RMSD_CA,0.38373981099094795,40.79451608657837
1A1I_d1a1ia3,RMSD_CA,0.7571944297835758,119.30313849449158
1A1J_d1a1ja3,RMSD_CA,0.39205733208314836,31.45167899131775
1A1M_1_A,RMSD_CA,1.5924310992755282,5344.16474032402
1A1M_d1a1ma1,RMSD_CA,0.4783785126579055,384.40935230255127
1A1N_1_A,RMSD_CA,1.9221537370364612,4310.440696001053
1A1N_d1a1na2,RMSD_CA,0.5041855800282333,1212.0558211803436
1A1O_1_A,RMSD_CA,1.7779775427081992,4349.215656042099
1A1O_d1a1oa2,RMSD_CA,0.9037489775543456,944.67342877388
1A1S_1_A,RMSD_CA,0.6843026356648254,9682.760599374771
1A1U_1_A,RMSD_CA,1.531327218722909,88.80330681800842
1A1U_d1a1uc-,RMSD_CA,1.525095934099885,72.23047614097595
1A1W_1_A,RMSD_CA,0.7412300611561242,171.411372423172
1A1Z_1_A,RMSD_CA,1.171516154989066,213.7683184146881
1A1X_1_A,RMSD_CA,0.8965800677623597,275.8406126499176
1A25_1_A,RMSD_CA,0.40335655397076065,794.8225708007812
1A25_d1a25b-,RMSD_CA,0.38720416183579687,1016.562340259552
1A26_d1a26a2,RMSD_CA,0.30877580827029805,814.5751180648804
1A27_1_A,RMSD_CA,7.549437606506405,623.2569952011108
1A2A_1_A,RMSD_CA,1.296753240417012,481.8453619480133
1A2F_1_A,RMSD_CA,0.42871603324348606,7173.979907512665
1A2G_1_A,RMSD_CA,0.4491384835152084,2127.8948295116425
1A2O_1_A,RMSD_CA,1.1667508961761894,9539.959936380386
1A2O_d1a2ob1,RMSD_CA,1.2298898901111328,1412.1016643047333
1A2O_d1a2ob2,RMSD_CA,1.2134584278947924,2992.6689319610596
1A2P_1_A,RMSD_CA,0.257954647807053,419.4192759990692
1A2X_1_A,RMSD_CA,2.305642446835346,1065.897233247757
1A2X_2_B,RMSD_CA,0.5609187601689225,80.64178609848022
1A2Y_1_A,RMSD_CA,0.16435454766962215,247.36198711395264
1A2Y_2_B,RMSD_CA,0.20205852800741908,435.25735116004944
1A2Y_3_C,RMSD_CA,0.5768531725078804,474.3545744419098
1A2Z_1_A,RMSD_CA,0.45360175586548745,3029.1448600292206
1A32_1_A,RMSD_CA,1.3928125677352592,283.3480978012085
1A38_2_P,RMSD_CA,0.04206826961237539,35.328962564468384
1A39_1_A,RMSD_CA,0.5094570873639683,12061.051791667938
1A3A_1_A,RMSD_CA,0.3295135804441748,423.96086072921753
1A3D_1_A,RMSD_CA,1.037847127016069,572.603349685669
1A3K_1_A,RMSD_CA,0.21750550657992954,773.2558917999268
1A3O_1_A,RMSD_CA,0.5199334356528724,1172.8111593723297
1A3Q_d1a3qb1,RMSD_CA,0.37481353606683315,334.1440763473511
1A3R_1_L,RMSD_CA,1.011998946230078,1819.0230615139008
1A3R_d1a3rh1,RMSD_CA,0.32113312457809234,309.8088550567627
1A3R_d1a3rl1,RMSD_CA,0.20946996636566986,299.2716553211212
1A3X_d1a3xb1,RMSD_CA,1.4530903731287586,488.0219945907593
1A40_1_A,RMSD_CA,0.49345746172036925,7065.2822070121765
1A43_d1a43a-,RMSD_CA,0.3930060647860615,152.6628828048706
1A44_1_A,RMSD_CA,0.25550995266872006,1816.0149669647217
1A45_1_A,RMSD_CA,0.5351122257399297,1791.1119992733002
1A45_d1a45a1,RMSD_CA,0.3887592620496938,417.43643951416016
1A45_d1a45a2,RMSD_CA,0.4659664171884087,378.5727035999298
1A49_1_A,RMSD_CA,1.3970627095795032,79212.32453799248
1A49_d1a49h3,RMSD_CA,0.4361653258941153,664.193258523941
1A4A_1_A,RMSD_CA,0.5183741810391587,585.2140164375305
1A4E_1_A,RMSD_CA,1.6818577727900001,29698.405448675156
1A4F_1_A,RMSD_CA,0.7349599568859102,1102.7416117191315
1A4F_2_B,RMSD_CA,0.6611442432629641,1785.2015001773834
1A4I_d1a4ib1,RMSD_CA,0.5961185853811956,886.875638961792
1A4I_d1a4ib2,RMSD_CA,0.8523528028668829,391.9813268184662
1A4J_1_L,RMSD_CA,1.0920943868674948,2698.2503180503845
1A4J_2_H,RMSD_CA,2.993353408695581,2248.2838292121887
1A4J_d1a4jh1,RMSD_CA,0.40179522529287515,585.3429169654846
1A4J_d1a4jh2,RMSD_CA,0.6153920295891055,244.06625294685364
1A4J_d1a4jl1,RMSD_CA,0.4151526771529675,792.3326342105865
1A4K_1_L,RMSD_CA,1.5915066980720678,3065.2510328292847
1A4K_d1a4kb2,RMSD_CA,0.6516792541493246,368.32134461402893
1A4K_d1a4kh2,RMSD_CA,0.6502568715060254,405.29516100883484
1A4R_1_A,RMSD_CA,0.6436311282729589,2646.084844350815
1A4S_1_A,RMSD_CA,0.4864901896607731,27258.193180561066
1A53_1_A,RMSD_CA,0.4437331794260161,2770.745749950409
1A57_1_A,RMSD_CA,3.2064742952374075,883.0805275440216
1A58_1_A,RMSD_CA,0.2940281085385968,969.7709395885468
1A5C_1_A,RMSD_CA,1.5315824590085103,70.10128045082092
1A5H_2_A,RMSD_CA,0.46740696516683294,2154.8638241291046
1A5I_1_A,RMSD_CA,0.632570972438422,1958.8661959171295
1A5J_1_A,RMSD_CA,4.109077360066393,689.0311763286591
1A5J_d1a5ja1,RMSD_CA,0.9698319171559489,171.23434114456177
1A5J_d1a5ja2,RMSD_CA,1.3573628316907593,160.16293907165527
1A5K_3_C,RMSD_CA,0.5616919418080023,23647.9835793972
1A5M_3_C,RMSD_CA,0.5747016191037362,21647.115819454193
1A5P_1_A,RMSD_CA,0.6561546497044496,541.4906930923462
1A5Q_1_A,RMSD_CA,0.8890082737701956,480.88769459724426
1A5R_1_A,RMSD_CA,6.483001037812125,538.223192691803
1A5X_1_A,RMSD_CA,0.4546025141943181,451.3378849029541
1A5Z_1_A,RMSD_CA,0.46424011933770154,2507.7721784114838
1A5Z_d1a5za1,RMSD_CA,0.31601527768206517,699.5615000724792
1A5Z_d1a5za2,RMSD_CA,1.4568523426189408,1657.597508430481
1A62_d1a62a2,RMSD_CA,0.26740620341398674,159.53378868103027
1A63_d1a63a2,RMSD_CA,1.7705727630826202,387.16020488739014
1A64_1_A,RMSD_CA,4.305801170929105,331.2708716392517
1A65_d1a65a3,RMSD_CA,2.4100708053056,1812.4932708740234
1A66_3_A,RMSD_CA,2.9201673851597145,1018.2027876377106
1A68_1_A,RMSD_CA,0.4458852283975292,392.7954890727997
1A6A_1_A,RMSD_CA,2.6860513988106507,1735.9377965927124
1A6A_2_B,RMSD_CA,4.665334892965135,1460.061201095581
1A6A_d1a6aa2,RMSD_CA,1.7864276953123681,306.9324200153351
1A6A_d1a6ab1,RMSD_CA,0.7210682521240156,275.53483057022095
1A6A_d1a6ab2,RMSD_CA,2.218495379682545,224.7550880908966
1A6B_2_B,RMSD_CA,0.8914967835030497,110.60138821601868
1A6C_1_A,RMSD_CA,3.129497873396942,20838.85818052292
1A6C_d1a6ca1,RMSD_CA,1.8712255062607182,2392.052590370178
1A6C_d1a6ca2,RMSD_CA,0.8450293166127193,1764.7109339237213
1A6C_d1a6ca3,RMSD_CA,1.6195679459460637,1432.5000431537628
1A6D_1_A,RMSD_CA,1.205938377123398,39320.89728689194
1A6D_2_B,RMSD_CA,1.41700428753686,28691.54629445076
1A6D_d1a6da2,RMSD_CA,0.5110140253269172,1022.8205578327179
1A6D_d1a6db2,RMSD_CA,0.5556009192291623,862.631774187088
1A6F_1_A,RMSD_CA,0.5485463294440803,12.215768575668335
1A6G_1_A,RMSD_CA,0.5226929310038296,1006.050130367279
1A6I_d1a6ia1,RMSD_CA,0.6346298453842311,161.18588137626648
1A6J_1_A,RMSD_CA,0.44931411681811995,549.2812705039978
1A6L_1_A,RMSD_CA,0.19806074100057972,793.7459392547607
1A6M_1_A,RMSD_CA,0.42336400972338606,833.8156747817993
1A6P_1_A,RMSD_CA,3.846644872770418,281.22575545310974
1A6R_1_A,RMSD_CA,1.5437295529073485,21895.618396759033
1A6S_1_A,RMSD_CA,3.4351875536540253,1423.6220591068268
1A6T_1_A,RMSD_CA,2.1023551294235587,2071.2301008701324
1A6T_2_B,RMSD_CA,1.5795430669463162,2722.776172399521
1A6T_d1a6tc1,RMSD_CA,0.5603690790651751,513.6911835670471
1A6T_d1a6td1,RMSD_CA,0.45344401508148685,545.9586417675018
1A6T_d1a6td2,RMSD_CA,0.8599675606766922,662.6143805980682
1A6X_1_A,RMSD_CA,1.2912624671523993,309.844690322876
1A6Y_3_A,RMSD_CA,0.5835321825337272,303.2076599597931
1A6Y_d1a6ya-,RMSD_CA,0.5820675309706038,313.87691354751587
1A70_1_A,RMSD_CA,0.30140283468785384,244.88368153572083
1A71_1_A,RMSD_CA,0.7518334426565937,59.77137565612793
1A73_3_A,RMSD_CA,3.257091946264277,1479.4640040397644
1A77_1_A,RMSD_CA,0.7668797843611056,5570.889291524887
1A77_d1a77a1,RMSD_CA,2.5393894823284375,641.5143351554871
1A77_d1a77a2,RMSD_CA,0.5987916168682974,1750.5369007587433
1A78_1_A,RMSD_CA,0.42973551571502866,947.3147599697113
1A79_1_A,RMSD_CA,0.8636463925053764,2018.9235162734985
1A79_d1a79d1,RMSD_CA,0.6162517382971715,683.4091336727142
1A79_d1a79d2,RMSD_CA,0.4764476972102529,195.4718461036682
1A7E_1_A,RMSD_CA,0.6931365714497366,324.8074908256531
1A7F_2_B,RMSD_CA,0.43767413427786284,50.7388551235199
1A7G_1_E,RMSD_CA,0.38961424573029474,319.1298725605011
1A7H_1_A,RMSD_CA,0.2577523430869123,303.3220751285553
1A7I_1_A,RMSD_CA,1.2197973223900653,152.75333285331726
1A7I_d1a7ia1,RMSD_CA,0.9023498379866259,100.13562774658203
1A7I_d1a7ia2,RMSD_CA,0.7750419990357474,396.6992931365967
1A7M_1_A,RMSD_CA,4.0421182367385065,1529.882393360138
1A7T_1_A,RMSD_CA,0.47245186318458854,1986.9642210006714
1A7V_1_A,RMSD_CA,0.8058712385759118,524.7892463207245
1A7W_1_A,RMSD_CA,1.1140058387187675,261.820924282074
1A80_1_A,RMSD_CA,0.586156432021439,5055.232542514801
1A87_1_A,RMSD_CA,0.8074131685939476,8510.875190496445
1A88_1_A,RMSD_CA,0.34772975216832736,4121.774251461029
1A8B_1_A,RMSD_CA,1.1206069251554014,2783.9118597507477
1A8D_1_A,RMSD_CA,0.4794434755937673,12084.302775859833
1A8D_d1a8da1,RMSD_CA,0.5980508495481249,3554.938154935837
1A8D_d1a8da2,RMSD_CA,0.22683166641362032,2618.2506380081177
1A8E_1_A,RMSD_CA,0.8929614346569171,6504.8050282001495
1A8H_1_A,RMSD_CA,0.5035160479047717,57097.54269695282
1A8H_d1a8ha2,RMSD_CA,0.4974712160950115,21718.26059436798
1A8L_1_A,RMSD_CA,0.42489704617818325,2485.3147070407867
1A8L_d1a8la1,RMSD_CA,0.5626372677280461,637.9316923618317
1A8L_d1a8la2,RMSD_CA,0.3224259436239796,340.05496621131897
1A8M_1_A,RMSD_CA,1.1003658203467441,1809.131108045578
1A8P_1_A,RMSD_CA,0.4460176917400426,4225.092941761017
1A8P_d1a8pa1,RMSD_CA,0.534671699618074,433.5129449367523
1A8P_d1a8pa2,RMSD_CA,0.3534359631368376,1382.0448927879333
1A8Q_1_A,RMSD_CA,0.419604240694127,3562.757978916168
1A8R_1_A,RMSD_CA,0.5221226443976454,2169.252485513687
1A8S_1_A,RMSD_CA,0.5398006432345889,3649.833497285843
1A8U_1_A,RMSD_CA,0.6656121261104343,2878.644916534424
1A8V_d1a8vb1,RMSD_CA,0.4967684755227192,74.49681234359741
1A8Y_d1a8ya1,RMSD_CA,0.9165997200042517,835.055253982544
1A8Z_1_A,RMSD_CA,0.31308806070598677,630.00590467453
1A92_1_A,RMSD_CA,0.8193425107449811,93.15190315246582
1A94_1_A,RMSD_CA,0.6780562914468466,356.35996532440186
1A99_1_A,RMSD_CA,0.5459255542192231,9074.954173326492
1A9C_1_A,RMSD_CA,0.6907966941509815,1960.262294769287
1A9E_1_A,RMSD_CA,1.757554952477709,3831.733258485794
1A9E_d1a9ea1,RMSD_CA,0.3299460150724368,251.49001145362854
1A9M_1_A,RMSD_CA,0.7689767477907228,299.25125908851624
1A9T_1_A,RMSD_CA,0.45937835451918524,4526.39213514328
1A9V_1_A,RMSD_CA,1.9018215126787767,917.972856760025
1A9X_d1a9xg1,RMSD_CA,1.3739424528142035,763.6340730190277
1A9X_d1a9xg2,RMSD_CA,2.6497296458662927,953.0233988761902
1A9X_d1a9xg3,RMSD_CA,0.4413437314097181,915.4961178302765
1A9X_d1a9xg4,RMSD_CA,0.3599707685199516,540.2799470424652
1A9X_d1a9xg5,RMSD_CA,0.5972229300917521,1634.936199426651
1A9X_d1a9xh1,RMSD_CA,0.5392126915763966,956.2372484207153
1A9Y_1_A,RMSD_CA,0.5309922726787475,4640.53186583519
1A9Z_1_A,RMSD_CA,0.42207908479580847,7471.358719110489
1AA0_1_A,RMSD_CA,3.218305863291562,266.4395000934601
1AA1_d1aa1l2,RMSD_CA,0.3633042793747303,1101.4237158298492
1AA2_1_A,RMSD_CA,0.45764775691417664,849.3213942050934
1AA3_1_A,RMSD_CA,1.34603614804722,219.10729885101318
1AAB_1_A,RMSD_CA,1.344527846563787,237.7242727279663
1AAF_1_A,RMSD_CA,1.353503437420907,113.880615234375
1AAL_1_A,RMSD_CA,0.5971806368178585,263.4693350791931
1AAM_1_A,RMSD_CA,1.2044648364770707,83.86572098731995
1AAP_1_A,RMSD_CA,0.692813468801621,51.631298303604126
1AAQ_1_A,RMSD_CA,0.7099208718784711,396.43473839759827
1AAX_1_A,RMSD_CA,0.41614775769960766,3383.4481077194214
1AAY_3_A,RMSD_CA,1.4347169558480362,254.63579940795898
1AAY_d1aaya1,RMSD_CA,0.2614767884725888,25.999479055404663
1AAZ_1_A,RMSD_CA,0.29140404020502547,197.5809781551361
1AB0_1_A,RMSD_CA,0.4084273293442292,283.7107455730438
1AB2_1_A,RMSD_CA,3.035539318447555,1039.3816442489624
1AB5_1_A,RMSD_CA,0.38356310289231726,393.22287797927856
1AB6_1_A,RMSD_CA,0.4152532502803718,440.32574129104614
1ABA_1_A,RMSD_CA,0.31391958273342885,255.74970650672913
1ABO_1_A,RMSD_CA,0.17170013365955306,61.341756105422974
1ABR_1_A,RMSD_CA,1.1018989025587156,3498.2987921237946
1ABR_2_B,RMSD_CA,1.5912136050212728,4295.483345746994
1ABR_d1abrb1,RMSD_CA,1.8070910845210677,886.8571791648865
1ABR_d1abrb2,RMSD_CA,0.45875356213061264,643.158200263977
1ABZ_1_A,RMSD_CA,0.5335361974137045,71.21470761299133
1AC6_1_A,RMSD_CA,0.5254272793976996,620.7424807548523
1ACB_2_I,RMSD_CA,0.37107410681672537,232.7326099872589
1ACF_1_A,RMSD_CA,0.4248369664005134,582.6016693115234
1ACI_1_A,RMSD_CA,1.3577673168668238,177.25104355812073
1ACM_1_A,RMSD_CA,0.7272178722875701,53.06732177734375
1ACM_d1acmc1,RMSD_CA,0.3383335555429932,445.49158668518066
1ACW_1_A,RMSD_CA,0.8281073458310476,51.59951734542847
1ACZ_1_A,RMSD_CA,5.549571855006091,760.6415884494781
1AD0_1_A,RMSD_CA,0.7468556004291302,1347.5976104736328
1AD0_2_B,RMSD_CA,0.90128574073242,1500.8015627861023
1AD0_d1ad0c1,RMSD_CA,0.3156113604334859,315.34260153770447
1AD0_d1ad0d1,RMSD_CA,0.39410302739598635,311.4764013290405
1AD0_d1ad0d2,RMSD_CA,0.49545837817794347,282.487446308136
1AD2_1_A,RMSD_CA,0.3865920481598029,794.3769624233246
1AD3_1_A,RMSD_CA,0.8086465093902526,28195.735340356827
1AD6_1_A,RMSD_CA,0.7954539042962694,3244.2723174095154
1AD9_1_L,RMSD_CA,0.629241224598169,1687.8042030334473
1AD9_2_H,RMSD_CA,3.155848845278031,2660.3023421764374
1AD9_d1ad9h1,RMSD_CA,0.2956214769822831,953.5266261100769
1AD9_d1ad9l1,RMSD_CA,0.30789460774441246,279.8078372478485
1ADE_1_A,RMSD_CA,0.9396083411191114,37064.89869213104
1ADO_1_A,RMSD_CA,0.7757493152202987,3984.660054922104
1ADQ_1_A,RMSD_CA,0.8949270341363098,1882.8008472919464
1ADQ_2_L,RMSD_CA,2.0479662469688744,2073.991709470749
1ADQ_d1adqa1,RMSD_CA,0.7337043926185269,257.2123010158539
1ADQ_3_H,RMSD_CA,1.548787713312515,1804.3907153606415
1ADQ_d1adqa2,RMSD_CA,0.5210843051581411,419.50806522369385
1ADQ_d1adqh1,RMSD_CA,0.7647784265710553,389.2681703567505
1ADQ_d1adql1,RMSD_CA,0.5547051353201295,299.831444978714
1ADQ_d1adql2,RMSD_CA,0.5048705381226508,350.2126188278198
1ADR_1_A,RMSD_CA,0.5068040618790114,139.96025824546814
1ADU_d1adub1,RMSD_CA,0.7656131468014569,153.88498735427856
1ADZ_1_A,RMSD_CA,1.586893234804996,217.24163246154785
1AE2_1_A,RMSD_CA,0.6638313235797666,328.63796520233154
1AE3_1_A,RMSD_CA,0.7374981736559328,411.22316789627075
1AE6_1_L,RMSD_CA,1.196751770049492,2249.916917324066
1AE6_2_H,RMSD_CA,3.4818069862759877,2333.730311155319
1AE6_d1ae6h1,RMSD_CA,0.4785631331099836,604.7984619140625
1AE6_d1ae6h2,RMSD_CA,0.668219026005259,327.00031328201294
1AE7_1_A,RMSD_CA,0.9525054963782129,416.55141854286194
1AEI_1_A,RMSD_CA,0.673729531501204,2589.9474420547485
1AEP_1_A,RMSD_CA,0.5723470638915334,911.3856115341187
1AF6_1_A,RMSD_CA,0.41934457185830465,11175.683640241623
1AF7_1_A,RMSD_CA,0.9578587430893228,3226.4765462875366
1AF7_d1af7a1,RMSD_CA,0.771715204172795,213.15217423439026
1AF7_d1af7a2,RMSD_CA,0.6201638728958678,2576.921178340912
1AFO_1_A,RMSD_CA,2.020513669512549,102.71735048294067
1AFP_1_A,RMSD_CA,0.7811800198255753,139.77885389328003
1AFR_1_A,RMSD_CA,0.6793843933278938,8411.653162240982
1AFS_1_A,RMSD_CA,0.42400025628999594,4598.3904440402985
1AFV_1_A,RMSD_CA,0.8869265886155002,1013.5681715011597
1AFV_2_L,RMSD_CA,1.856696860855482,2230.0284774303436
1AFV_3_H,RMSD_CA,1.8008818204497308,5386.679038763046
1AFV_d1afvk1,RMSD_CA,0.5682349695516707,772.4485268592834
1AFV_d1afvk2,RMSD_CA,0.6093128988443169,578.2265582084656
1AFV_d1afvm1,RMSD_CA,0.44103604615438086,294.9758710861206
1AFW_d1afwb1,RMSD_CA,0.3995336110938527,4105.212521791458
1AFW_d1afwb2,RMSD_CA,0.6056412666509432,768.883127450943
1AG0_1_A,RMSD_CA,8.395030622331735,889.1401751041412
1AG2_1_A,RMSD_CA,0.8745217711076652,232.0534656047821
1AG4_1_A,RMSD_CA,1.78797435451316,416.2007381916046
1AG6_1_A,RMSD_CA,0.18435181108107965,234.6634328365326
1AG8_1_A,RMSD_CA,0.7243073630275783,15824.828323364258
1AG9_1_A,RMSD_CA,0.34238992022717385,867.4145042896271
1AGD_d1agda2,RMSD_CA,0.5821302003876879,1208.8530106544495
1AGG_1_A,RMSD_CA,2.034665677850627,73.47297286987305
1AGI_1_A,RMSD_CA,0.6093942930673574,376.1953501701355
1AGJ_1_A,RMSD_CA,0.44457855731798146,798.0910601615906
1AGP_1_A,RMSD_CA,0.4649278058197396,1080.451375246048
1AGQ_d1agqd-,RMSD_CA,0.35601306087122614,438.18492698669434
1AGR_2_E,RMSD_CA,0.6770930265953833,727.8929152488708
1AGR_d1agre-,RMSD_CA,0.6496309338093211,777.2244992256165
1AGR_d1agrh-,RMSD_CA,0.8087345757485885,368.1949977874756
1AGT_1_A,RMSD_CA,1.612708328321538,70.2768611907959
1AGX_1_A,RMSD_CA,2.0138953256108096,4412.24755525589
1AH0_1_A,RMSD_CA,0.5240318283930061,6292.270596981049
1AH1_1_A,RMSD_CA,1.6794543165456466,585.916323184967
1AH7_1_A,RMSD_CA,0.7151631083084095,2490.3517825603485
1AH9_1_A,RMSD_CA,1.0108736132871312,516.104551076889
1AHJ_1_A,RMSD_CA,2.3556195256550088,1556.8336691856384
1AHJ_2_B,RMSD_CA,0.5726003501228957,1681.2016515731812
1AHL_1_A,RMSD_CA,1.1665857428554554,101.98202252388
1AHP_1_A,RMSD_CA,5.115227953308188,104588.32278752327
1AHR_1_A,RMSD_CA,1.8975839484374286,774.7315948009491
1AHS_1_A,RMSD_CA,0.28101530247834366,565.5369436740875
1AHY_1_A,RMSD_CA,1.229568450892953,9337.074686527252
1AI1_1_L,RMSD_CA,3.403606101724695,3480.809332847595
1AI1_2_H,RMSD_CA,1.4709744141341157,3144.977793931961
1AI1_d1ai1h1,RMSD_CA,0.4381099015767709,741.1468994617462
1AI1_d1ai1h2,RMSD_CA,0.7293930127634501,640.0873789787292
1AI1_d1ai1l1,RMSD_CA,0.45284039122843084,473.33735036849976
1AIC_1_A,RMSD_CA,1.0931539647706254,28502.29764676094
1AID_1_A,RMSD_CA,0.5843505941840756,254.6854066848755
1AIE_1_A,RMSD_CA,0.41636268687628886,22.467242002487183
1AII_1_A,RMSD_CA,4.1164880812364135,1904.2512176036835
1AIJ_3_H,RMSD_CA,1.201245712872695,3474.3487977981567
1AIK_1_N,RMSD_CA,0.7806542463573072,77.54449129104614
1AIK_2_C,RMSD_CA,0.8113681982045091,46.621456146240234
1AIL_1_A,RMSD_CA,0.41565120433765945,110.57064199447632
1AIM_1_A,RMSD_CA,0.33310044031651387,2144.12024641037
1AIQ_1_A,RMSD_CA,0.5504544129756691,4241.252753973007
1AIS_3_A,RMSD_CA,0.4684673413421573,1793.802964925766
1AIS_4_B,RMSD_CA,1.4410447529372636,2502.786078453064
1AIS_d1aisa1,RMSD_CA,0.968593881002924,349.62393260002136
1AIS_d1aisa2,RMSD_CA,0.40973868669558283,225.2836902141571
1AIS_d1aisb1,RMSD_CA,0.8974683230192874,432.80553436279297
1AIS_d1aisb2,RMSD_CA,0.384954415724368,234.30587768554688
1AIU_1_A,RMSD_CA,0.27410390732664214,241.04141807556152
1AIV_d1aiva1,RMSD_CA,2.2953116886255063,19352.498569250107
1AIW_1_A,RMSD_CA,0.49174168154175124,96.13810420036316
1AIZ_1_A,RMSD_CA,0.4272170495687469,440.34672260284424
1AJ2_1_A,RMSD_CA,1.0801718290942766,2379.8957483768463
1AJ3_1_A,RMSD_CA,0.8360710667997078,322.51742696762085
1AJ3_d1aj3a-,RMSD_CA,0.8361093073334882,316.3529770374298
1AJ4_1_A,RMSD_CA,5.5093819994024456,960.364250421524
1AJ5_1_A,RMSD_CA,0.5420306020123231,743.9448516368866
1AJ8_1_A,RMSD_CA,1.534124228544511,4866.59991812706
1AJ9_1_A,RMSD_CA,0.5765244324640078,1304.2959895133972
1AJD_1_A,RMSD_CA,1.090143390791671,20664.549945116043
1AJE_1_A,RMSD_CA,6.107467323951599,2129.1895632743835
1AJJ_1_A,RMSD_CA,1.6353802171550365,107.07985639572144
1AJO_1_A,RMSD_CA,0.23034703325125813,1486.604966878891
1AJQ_2_B,RMSD_CA,0.519373829403059,432.42105984687805
1AJY_1_A,RMSD_CA,5.024129169886611,196.28801822662354
1AJY_d1ajyb1,RMSD_CA,1.2170186156944012,67.24588680267334
1AK0_1_A,RMSD_CA,0.5346780351955748,1915.3693919181824
1AK2_1_A,RMSD_CA,0.6049902041342304,1773.2188215255737
1AK2_d1ak2a2,RMSD_CA,0.368367131022717,73.64304971694946
1AK4_2_C,RMSD_CA,0.5024474958979267,635.4336380958557
1AK6_1_A,RMSD_CA,2.8428396928347097,2254.79931473732
1AK8_1_A,RMSD_CA,2.03653002655639,240.51599860191345
1AK9_1_A,RMSD_CA,0.44369957560461876,4154.319678068161
1AKA_1_A,RMSD_CA,1.4744422399838089,11598.20598578453
1AKJ_4_D,RMSD_CA,0.3470531560111274,374.00686383247375
1AKO_1_A,RMSD_CA,0.3394144238195751,2324.7112324237823
1AKP_1_A,RMSD_CA,0.6936585795994742,186.4351885318756
1AKQ_1_A,RMSD_CA,0.28289630616560046,591.0548303127289
1AKR_1_A,RMSD_CA,0.2980074906884523,496.62843203544617
1AKS_1_A,RMSD_CA,0.597027998847079,408.7033431529999
1AKS_2_B,RMSD_CA,1.4322301383469624,209.1182689666748
1AKT_1_A,RMSD_CA,0.42424462859315293,786.687741279602
1AKW_1_A,RMSD_CA,0.33201146740803555,619.6906361579895
1AKY_1_A,RMSD_CA,0.5286945062265092,2411.387995481491
1AKY_d1akya2,RMSD_CA,0.2398944041646655,44.37273287773132
1AL0_d1al02-,RMSD_CA,0.9404730496381026,1184.9393270015717
1AL2_2_1,RMSD_CA,0.9028289987073767,1882.3793449401855
1AL3_1_A,RMSD_CA,0.9435221555661698,3494.3792889118195
1AL3_d1al3a-,RMSD_CA,0.9471644792588736,3662.416460752487
1AL6_1_A,RMSD_CA,1.38807883767946,17598.250418663025
1ALA_1_A,RMSD_CA,2.0535160661919707,99.31351470947266
1ALC_1_A,RMSD_CA,1.1645283282881362,1021.5320136547089
1ALD_1_A,RMSD_CA,2.068909565841883,9025.291590213776
1ALG_1_A,RMSD_CA,0.35819934493168165,31.587034702301025
1ALH_1_A,RMSD_CA,0.6536651174583237,17688.820071935654
1ALI_1_A,RMSD_CA,0.591455242196892,14062.05566072464
1ALK_1_A,RMSD_CA,0.6590089982120572,147.9290747642517
1ALL_1_A,RMSD_CA,1.2110202837432729,1092.1471784114838
1ALN_1_A,RMSD_CA,0.5116865257150311,5760.651724100113
1ALN_d1alna1,RMSD_CA,0.34119689927603214,771.3335645198822
1ALN_d1alna2,RMSD_CA,0.7993466957326827,1111.3336646556854
1ALY_1_A,RMSD_CA,0.8773445211336177,1080.370885848999
1AMH_1_A,RMSD_CA,0.5308938896768245,2569.46005320549
1AMJ_1_A,RMSD_CA,1.3822875136065462,379.81193470954895
1AMJ_d1amja1,RMSD_CA,0.6486027054834688,2435.090859413147
1AMJ_d1amja2,RMSD_CA,1.8015593566120247,1175.1049315929413
1AMK_1_A,RMSD_CA,2.5350149353917404,2605.9029490947723
1AMO_d1amob2,RMSD_CA,0.5111147301186684,1072.4509029388428
1AMX_1_A,RMSD_CA,0.40338904189882213,507.5511882305145
1AMX_d1amxa-,RMSD_CA,0.4026597538685931,502.1444079875946
1AN1_d1an1i-,RMSD_CA,0.803087910295572,49.91354727745056
1AN2_2_A,RMSD_CA,2.6046983911991854,487.30460381507874
1AN4_3_A,RMSD_CA,3.049123457407343,482.01453948020935
1AN7_1_A,RMSD_CA,0.45788272974879274,1833.273520231247
1AN8_d1an8a2,RMSD_CA,0.35519435431444796,283.48475074768066
1AN9_1_A,RMSD_CA,0.4802525501102245,6840.535861492157
1ANB_1_A,RMSD_CA,0.7085364355091429,2061.210067987442
1ANC_1_A,RMSD_CA,0.4564610741249919,1504.7342929840088
1AND_1_A,RMSD_CA,0.43791704541771653,1335.408284664154
1ANI_1_A,RMSD_CA,0.5781304703442376,16903.759750127792
1ANJ_1_A,RMSD_CA,0.6781428806628623,14904.25561928749
1ANN_1_A,RMSD_CA,0.7304788267735899,3917.448029756546
1ANS_1_A,RMSD_CA,1.588065541410419,77.96732950210571
1ANU_1_A,RMSD_CA,0.14533462310245698,505.78288865089417
1ANV_d1anva1,RMSD_CA,0.5656721791481648,421.19724583625793
1ANX_1_A,RMSD_CA,1.7747240422570296,7255.470218658447
1AO0_d1ao0d1,RMSD_CA,0.7026728527669164,2634.778555393219
1AO3_1_A,RMSD_CA,0.4669399547960521,2507.7657446861267
1AO7_4_D,RMSD_CA,0.6698271875429765,424.05040192604065
1AO7_d1ao7d-,RMSD_CA,0.6693655871879629,408.57506561279297
1AOC_1_A,RMSD_CA,0.9250716628745753,1342.8980724811554
1AOF_d1aofa1,RMSD_CA,0.633744086943286,413.10233211517334
1AOF_d1aofb1,RMSD_CA,0.7200753397888631,214.2112534046173
1AOG_d1aogb2,RMSD_CA,0.372468480543426,627.8917183876038
1AOI_4_C,RMSD_CA,2.2708828586078655,358.47766304016113
1AOI_2_A,RMSD_CA,2.0637886217617547,323.9261713027954
1AOK_1_A,RMSD_CA,1.4697626339365333,495.0842776298523
1AOK_2_B,RMSD_CA,1.1414245976923254,493.9333691596985
1AOQ_d1aoqa1,RMSD_CA,0.42402196531384667,295.47027254104614
1AOQ_d1aoqb1,RMSD_CA,0.3978867060424788,249.28505730628967
1AOQ_d1aoqb2,RMSD_CA,0.48843757424371,6960.107696533203
1AOR_1_A,RMSD_CA,0.43861694676518725,54934.92336511612
1AOR_d1aorb1,RMSD_CA,0.5407187957377643,23240.18990278244
1AOR_d1aorb2,RMSD_CA,0.3266380655626602,2354.4434020519257
1AOU_1_F,RMSD_CA,2.1161298419590335,528.6588087081909
1AOW_1_A,RMSD_CA,2.788908605999473,1149.4331605434418
1AOY_1_A,RMSD_CA,0.4655717766956446,90.08487057685852
1AP2_1_A,RMSD_CA,0.39898606774351125,671.3885827064514
1AP2_2_B,RMSD_CA,0.5102377836763663,555.7981648445129
1AP7_1_A,RMSD_CA,2.359449147816924,1415.450504541397
1AP8_1_A,RMSD_CA,8.971701683174835,2444.6643402576447
1APA_1_A,RMSD_CA,0.64842067607034,5071.418080806732
1APF_1_A,RMSD_CA,1.152437314614646,118.23746848106384
1APJ_1_A,RMSD_CA,1.4819310941461432,221.3451464176178
1APQ_1_A,RMSD_CA,0.6042175757518756,73.0148229598999
1APS_1_A,RMSD_CA,0.8727005148059407,404.19642901420593
1APX_1_A,RMSD_CA,0.3550245542625852,1260.5851016044617
1APY_1_A,RMSD_CA,1.1311525493293837,988.2762253284454
1APY_2_B,RMSD_CA,0.6962360093121249,525.3813924789429
1AQ0_1_A,RMSD_CA,0.3684902500277165,1263.6587009429932
1AQ5_1_A,RMSD_CA,1.093204278365793,93.42410206794739
1AQ6_1_A,RMSD_CA,0.49832076701553796,1836.4681239128113
1AQ8_d1aq8c1,RMSD_CA,0.6465317769690646,999.7630317211151
1AQA_d1aqaa-,RMSD_CA,0.63327917993071,375.9690320491791
1AQB_1_A,RMSD_CA,0.3236681675229931,17.501989364624023
1AQD_1_A,RMSD_CA,2.8911820839411813,1294.4371421337128
1AQD_2_B,RMSD_CA,1.7169251905843093,1948.5199811458588
1AQD_d1aqdj1,RMSD_CA,0.49130145773585027,564.1178307533264
1AQD_d1aqdk2,RMSD_CA,0.4983667360313739,356.3154273033142
1AQE_1_A,RMSD_CA,0.2470571323842893,141.82822680473328
1AQI_d1aqib2,RMSD_CA,0.5042644824963906,2268.8373925685883
1AQK_1_L,RMSD_CA,3.0975814233455443,2750.681299686432
1AQK_2_H,RMSD_CA,3.9680850849589735,3977.9506871700287
1AQK_d1aqkh1,RMSD_CA,0.3596928774233474,1142.1991500854492
1AQK_d1aqkh2,RMSD_CA,0.7421468242146408,541.9258396625519
1AQK_d1aqkl1,RMSD_CA,0.473240311815069,650.615341424942
1AQK_d1aqkl2,RMSD_CA,0.8081148508856303,494.85161447525024
1AQL_1_A,RMSD_CA,1.1237655511427442,10181.086355686188
1AQS_1_A,RMSD_CA,0.9517792906529593,84.21764278411865
1AQT_1_A,RMSD_CA,0.3535939498425268,440.57736825942993
1AQT_d1aqta1,RMSD_CA,0.40805081785662595,48.40167307853699
1AQT_d1aqta2,RMSD_CA,0.2060697787574599,149.06995701789856
1AR0_1_A,RMSD_CA,0.7609876753054798,512.4078261852264
1AR2_1_A,RMSD_CA,0.5804862138272797,504.6330986022949
1AR6_2_1,RMSD_CA,1.4272429898061105,3464.830874681473
1AR7_2_1,RMSD_CA,0.8006910041228763,4686.380872011185
1AR9_3_2,RMSD_CA,0.4411188203084069,3013.658112049103
1ARB_1_A,RMSD_CA,0.386282012029379,2399.225035429001
1ARE_1_A,RMSD_CA,0.8007836574969778,76.40089464187622
1ARF_1_A,RMSD_CA,0.8856183451458534,79.44774031639099
1ARH_1_A,RMSD_CA,2.2431890344832777,7429.856001615524
1ARI_1_A,RMSD_CA,3.456169416984673,1090.1402719020844
1ARK_1_A,RMSD_CA,0.6647290805687069,133.04473400115967
1ARO_2_L,RMSD_CA,0.8566431229270437,1143.1824584007263
1AS0_1_A,RMSD_CA,1.0445819470848485,3658.1781821250916
1AS4_1_A,RMSD_CA,0.4235085022064838,3617.0862901210785
1AS4_2_B,RMSD_CA,0.3667303793968939,22.061455726623535
1AS8_1_A,RMSD_CA,0.9350565854315049,6702.633548259735
1ASG_1_A,RMSD_CA,0.7558576483678483,97.33154487609863
1ASH_1_A,RMSD_CA,0.6985404563634675,3195.5430839061737
1ASK_1_A,RMSD_CA,0.7739804500974832,914.0423293113708
1ASQ_1_A,RMSD_CA,1.0033539771483269,212.58248901367188
1ASQ_d1asqb1,RMSD_CA,0.3060482424529684,704.8879911899567
1ASQ_d1asqb2,RMSD_CA,0.6228990994126077,2645.031638145447
1ASQ_d1asqb3,RMSD_CA,0.5224936636729268,884.8150000572205
1ASS_1_A,RMSD_CA,0.543884303513243,940.4564256668091
1ASU_1_A,RMSD_CA,1.376453333049844,1723.8646199703217
1ASZ_2_A,RMSD_CA,1.1730298761136082,54455.06441569328
1ASZ_d1aszb1,RMSD_CA,0.8749204697633723,1240.8763048648834
1ATE_1_A,RMSD_CA,1.3586837390324722,165.2788064479828
1ATI_d1atib1,RMSD_CA,0.419203792860421,475.5584087371826
1ATL_1_A,RMSD_CA,0.4526776019225718,1473.9354112148285
1ATR_1_A,RMSD_CA,0.8456995724571555,6524.105795145035
1ATR_d1atra2,RMSD_CA,0.8226955702023009,715.964661359787
1ATS_1_A,RMSD_CA,1.3168085182633795,6968.445845127106
1ATS_d1atsa1,RMSD_CA,0.6078355740247755,358.2948787212372
1ATS_d1atsa2,RMSD_CA,0.7578540674488399,445.27886629104614
1ATU_1_A,RMSD_CA,1.8189589549253504,20773.62803864479
1ATX_1_A,RMSD_CA,1.3022518580681695,103.87537813186646
1ATZ_1_A,RMSD_CA,0.2766106215968794,1040.0217247009277
1AU1_1_A,RMSD_CA,0.4391611592889157,89.67877721786499
1AU7_d1au7a2,RMSD_CA,0.8155033730661618,146.32175278663635
1AU7_d1au7b2,RMSD_CA,0.3264359924264873,92.5000102519989
1AU9_1_A,RMSD_CA,0.4235946875932869,2508.799072742462
1AUA_1_A,RMSD_CA,0.6103991700150764,2474.1813271045685
1AUA_d1auaa1,RMSD_CA,4.73684111127357,571.3133652210236
1AUA_d1auaa2,RMSD_CA,0.5943092163037972,939.7274303436279
1AUI_2_B,RMSD_CA,0.8634814382675243,679.4977114200592
1AUM_1_A,RMSD_CA,0.43648142938969514,82.34263157844543
1AUN_1_A,RMSD_CA,0.6258799064047906,1097.4452555179596
1AUO_1_A,RMSD_CA,0.47337592851876276,2808.8304455280304
1AUS_d1auso2,RMSD_CA,0.29451885370725356,757.8372337818146
1AUU_1_A,RMSD_CA,2.055245774659966,87.20248532295227
1AUY_1_A,RMSD_CA,0.5669939584016227,2921.686552286148
1AUY_d1auya-,RMSD_CA,0.5734727724540849,1883.0831747055054
1AV1_1_A,RMSD_CA,13.072186794306974,609.5021405220032
1AV8_1_A,RMSD_CA,0.8022048248634188,6513.10880446434
1AVA_1_A,RMSD_CA,1.0459725030963778,11247.775700569153
1AVA_d1avab1,RMSD_CA,0.32412288373419634,141.25728559494019
1AVA_d1avab2,RMSD_CA,0.9432379460106775,4521.970572710037
1AVF_1_P,RMSD_CA,0.21778750380909423,23.55796504020691
1AVG_1_L,RMSD_CA,0.9143291101348989,50.30478048324585
1AVG_3_I,RMSD_CA,0.8826450191257214,1247.9417293071747
1AVO_1_A,RMSD_CA,1.8232716717216693,134.90136051177979
1AVO_2_B,RMSD_CA,0.44139274503026704,237.69672679901123
1AVQ_1_A,RMSD_CA,0.7628491617016601,4542.887832164764
1AVR_1_A,RMSD_CA,0.8122782589258323,3344.00772190094
1AVS_1_A,RMSD_CA,0.7304359246356634,248.8228464126587
1AW0_1_A,RMSD_CA,0.2197971087933055,75.52964043617249
1AW2_1_A,RMSD_CA,0.46338853746304043,1092.4411253929138
1AW6_1_A,RMSD_CA,3.279691950738,661.9746267795563
1AW7_1_A,RMSD_CA,0.37279984033284275,1724.1985704898834
1AW7_d1aw7d1,RMSD_CA,0.6431292117736039,221.45039415359497
1AW7_d1aw7d2,RMSD_CA,0.4329724918017829,645.9230771064758
1AW8_1_A,RMSD_CA,0.709776039377598,28.36753797531128
1AW8_2_B,RMSD_CA,0.21487217898464575,117.83756947517395
1AW9_1_A,RMSD_CA,0.48562701642313505,2278.031785964966
1AW9_d1aw9a1,RMSD_CA,0.7082270007014434,1130.9986696243286
1AW9_d1aw9a2,RMSD_CA,0.3754503960953827,251.97282028198242
1AWD_1_A,RMSD_CA,0.20349046995640352,106.32438445091248
1AWE_1_A,RMSD_CA,2.624675380336363,857.1773569583893
1AWJ_1_A,RMSD_CA,1.2636004320573422,320.5725450515747
1AWO_1_A,RMSD_CA,0.9555360675234622,186.45662379264832
1AWP_1_A,RMSD_CA,0.3852741194345677,509.2596938610077
1AWX_1_A,RMSD_CA,1.7852189817428423,173.05688619613647
1AX2_1_A,RMSD_CA,0.2953267063196411,2500.753684282303
1AXA_1_A,RMSD_CA,0.8896337563390717,628.9223630428314
1AXD_1_A,RMSD_CA,0.449983163850188,1917.824294090271
1AXD_d1axdb1,RMSD_CA,0.46265766689186444,488.31612515449524
1AXD_d1axdb2,RMSD_CA,0.41796453837779907,216.8225121498108
1AXE_1_A,RMSD_CA,0.5390683487999341,169.5442090034485
1AXH_1_A,RMSD_CA,1.0055189176460253,77.17386722564697
1AXK_1_A,RMSD_CA,0.4433268231987487,8542.526100873947
1AXN_1_A,RMSD_CA,0.705012786129844,2689.3237936496735
1AXS_1_L,RMSD_CA,0.5862239982377495,3186.9752054214478
1AXS_2_H,RMSD_CA,1.425728860161876,3844.4763689041138
1AXS_d1axsl1,RMSD_CA,0.39943825538334,746.437070608139
1AXT_1_L,RMSD_CA,1.2703718347253985,2647.779868364334
1AXW_1_A,RMSD_CA,0.5129359437527263,1942.8532257080078
1AY0_1_A,RMSD_CA,0.7113471290972158,64173.6065018177
1AY0_d1ay0b1,RMSD_CA,0.4533842272879048,6486.909531593323
1AY1_d1ay1h1,RMSD_CA,0.47562446549397247,576.8941702842712
1AY2_1_A,RMSD_CA,1.5294349888059857,1970.3338887691498
1AYE_1_A,RMSD_CA,2.499424475391747,3995.7671818733215
1AYE_d1ayea1,RMSD_CA,0.7972078483492492,2347.842403650284
1AYF_1_A,RMSD_CA,0.2893600688533858,204.455322265625
1AYJ_1_A,RMSD_CA,0.9960137569470308,87.34245777130127
1AYM_1_1,RMSD_CA,1.900226303422139,3494.615484714508
1AYM_2_2,RMSD_CA,0.36463443399482115,2778.8141062259674
1AYM_3_3,RMSD_CA,8.530228351482998,2990.446219444275
1AYO_1_A,RMSD_CA,0.2553983980098506,644.6111738681793
1AYR_1_A,RMSD_CA,0.7401531509342303,14188.397639989853
1AYR_d1ayrc2,RMSD_CA,0.9153683002163697,2619.569495201111
1AYR_d1ayrd1,RMSD_CA,0.5235000914796736,2324.317876815796
1AYR_d1ayrd2,RMSD_CA,0.5352421658893689,2341.135039329529
1AYZ_1_A,RMSD_CA,0.4386840680194908,1443.8734984397888
1AZ1_1_A,RMSD_CA,0.6382200220449633,6106.539999723434
1AZE_1_A,RMSD_CA,0.19825324118632542,111.53119969367981
1AZG_2_B,RMSD_CA,0.8965890194855949,308.4630424976349
1AZG_d1azgb-,RMSD_CA,0.8993735878152519,305.1281735897064
1AZH_1_A,RMSD_CA,1.261526894694467,80.66381525993347
1AZJ_1_A,RMSD_CA,0.39272879497219304,138.77363324165344
1AZK_1_A,RMSD_CA,0.41731403111192733,39.810046672821045
1AZL_1_A,RMSD_CA,0.33692278258175185,615.2166533470154
1AZN_1_A,RMSD_CA,0.8473582716063147,1221.8973352909088
1AZP_2_A,RMSD_CA,0.33801719500484756,160.707622051239
1AZR_1_A,RMSD_CA,0.34868728181194086,496.23279333114624
1AZS_1_A,RMSD_CA,0.6208405173423011,1207.4558420181274
1AZS_d1azsa-,RMSD_CA,0.6216521605503116,1155.8899471759796
1AZT_d1azta1,RMSD_CA,0.430391297992355,394.5014133453369
1AZT_d1aztb1,RMSD_CA,0.48190574130075736,305.31930661201477
1AZV_1_A,RMSD_CA,0.4009879991559525,552.7128710746765
1AZW_1_A,RMSD_CA,0.6320787783910115,2810.0879719257355
1AZZ_1_A,RMSD_CA,0.3440338185894923,2200.701248407364
1B00_1_A,RMSD_CA,0.3903552818387494,484.8780083656311
1B02_1_A,RMSD_CA,0.45569545064347744,4342.22100186348
1B06_1_A,RMSD_CA,0.7739705926540131,2299.01082777977
1B06_d1b06f1,RMSD_CA,0.4054081632413511,198.81721711158752
1B06_d1b06f2,RMSD_CA,0.4405464729219775,333.2802858352661
1B07_1_A,RMSD_CA,0.1971958120319485,150.51215982437134
1B07_d1b07a1,RMSD_CA,0.19073055248410545,103.54461598396301
1B08_1_A,RMSD_CA,1.706003545760256,974.6789834499359
1B0A_1_A,RMSD_CA,0.4091233933754715,2575.9854509830475
1B0A_d1b0aa1,RMSD_CA,0.8270615355929154,1293.5637137889862
1B0A_d1b0aa2,RMSD_CA,0.710347134556095,461.6073248386383
1B0B_1_A,RMSD_CA,0.39315874162774267,322.83935165405273
1B0F_1_A,RMSD_CA,0.38857480209842854,2039.0366053581238
1B0J_1_A,RMSD_CA,0.9796305900798956,119480.16709685326
1B0M_1_A,RMSD_CA,4.282957102682814,5820.8142964839935
1B0M_d1b0ma1,RMSD_CA,0.6998610975951443,3484.4169628620148
1B0N_2_B,RMSD_CA,0.5283032414076828,43.644726276397705
1B0N_d1b0na1,RMSD_CA,0.34308296632020857,31.373523950576782
1B0N_d1b0na2,RMSD_CA,0.30555849477350844,92.43858361244202
1B0N_d1b0nb-,RMSD_CA,0.5283230263608589,47.052303075790405
1B0T_1_A,RMSD_CA,0.2828119002277884,874.5665490627289
1B0V_1_A,RMSD_CA,0.2726685490853514,672.0013360977173
1B0W_1_A,RMSD_CA,0.4529735935118344,672.4179365634918
1B0X_1_A,RMSD_CA,1.1299993488568625,71.58347201347351
1B0X_d1b0xa-,RMSD_CA,1.1299245724326956,73.28039932250977
1B0Y_1_A,RMSD_CA,0.2263512928587312,144.34850549697876
1B10_1_A,RMSD_CA,1.0833919791273028,220.85067105293274
1B13_1_A,RMSD_CA,0.24815763179982825,50.34617209434509
1B1A_1_A,RMSD_CA,1.4768162478900537,792.064309835434
1B1C_1_A,RMSD_CA,0.3986869994247691,828.1595666408539
1B1E_1_A,RMSD_CA,0.558638855707208,1057.0340194702148
1B1G_1_A,RMSD_CA,0.8860415599850336,152.7554714679718
1B1I_1_A,RMSD_CA,0.43367102152029136,884.5869688987732
1B1U_1_A,RMSD_CA,1.1175156678202403,796.8585016727448
1B1J_1_A,RMSD_CA,0.5654046605133065,1060.6344556808472
1B1X_1_A,RMSD_CA,1.1483700711654554,298.69395565986633
1B1X_d1b1xa1,RMSD_CA,0.7386781915224818,51.723156690597534
1B1Y_1_A,RMSD_CA,1.2037661994725095,47051.72330594063
1B20_1_A,RMSD_CA,0.3271648243009034,308.3069109916687
1B22_1_A,RMSD_CA,2.2841593601858046,363.4529752731323
1B22_d1b22a-,RMSD_CA,2.28359439871934,287.1395275592804
1B23_2_P,RMSD_CA,1.3000657411459968,4534.068754196167
1B23_d1b23p2,RMSD_CA,0.29280357575069527,347.25726199150085
1B23_d1b23p3,RMSD_CA,1.029066865199247,943.2482757568359
1B3Q_d1b3qa2,RMSD_CA,0.5406092195431953,695.5925095081329
1B2P_1_A,RMSD_CA,0.8413917784518337,18.557875871658325
1B2O_1_A,RMSD_CA,0.26523203930000505,78.59260153770447
1B25_d1b25d2,RMSD_CA,0.29165081775751067,2297.7177045345306
1B3Q_d1b3qb1,RMSD_CA,1.1085111169629893,185.38599824905396
1B47_d1b47c3,RMSD_CA,0.6597282786543069,2091.3221819400787
1B44_d1b44h-,RMSD_CA,0.4113942563069904,322.641304731369
1B44_d1b44e-,RMSD_CA,0.3840456469244418,305.60336422920227
1B44_1_D,RMSD_CA,0.4291925647897223,342.688200712204
1B2T_1_A,RMSD_CA,1.2896396411882975,249.8489260673523
1B2R_d1b2ra2,RMSD_CA,0.3590538451818505,725.7088139057159
1B34_d1b34a-,RMSD_CA,0.5376511105638474,346.84958958625793
1B33_3_N,RMSD_CA,0.520977693916938,100.81973648071289
1B26_d1b26f1,RMSD_CA,0.4603917108069937,1324.3793029785156
1B2I_1_A,RMSD_CA,0.8008845035063713,376.89407658576965
1B26_d1b26f2,RMSD_CA,1.0942172920465367,1263.8753559589386
1B2J_1_A,RMSD_CA,0.20999387497550773,43.35374641418457
1B4A_d1b4af1,RMSD_CA,0.9041310532963432,193.7137894630432
1B48_d1b48b2,RMSD_CA,1.0989822567685776,288.8338248729706
1B48_d1b48b1,RMSD_CA,1.0404853914978696,1053.5723860263824
1B4A_1_A,RMSD_CA,2.0136866519448353,1031.3578040599823
1B3T_2_A,RMSD_CA,1.7666375655385715,1805.9579665660858
1B3S_1_A,RMSD_CA,12.402784507394845,906.7586326599121
1B43_d1b43b2,RMSD_CA,0.8177974501785572,3821.967828989029
1B3Q_d1b3qb3,RMSD_CA,0.5841679597740688,2763.3989861011505
1B43_d1b43b1,RMSD_CA,3.505944718233575,664.2929093837738
1B31_1_A,RMSD_CA,0.3724446953475325,1465.7432837486267
1B35_4_D,RMSD_CA,1.5852339714248995,88.97154331207275
1B3B_d1b3bf2,RMSD_CA,0.9571737382238914,1473.887249469757
1B3A_1_A,RMSD_CA,1.269285881864362,224.81824398040771
1B3B_d1b3bf1,RMSD_CA,0.5387731886517954,2065.6816210746765
1B2W_d1b2wh1,RMSD_CA,0.9609779013935241,715.4376735687256
1B2W_d1b2wl1,RMSD_CA,0.6123108213699763,434.2978205680847
1B2W_2_H,RMSD_CA,1.2414280167731602,2709.094732761383
1B2Z_1_A,RMSD_CA,0.94950606772094,72.67060804367065
1B33_1_A,RMSD_CA,1.213754042647852,758.2074613571167
1B4I_1_A,RMSD_CA,0.7805314030457717,70.36786937713623
1B4J_1_L,RMSD_CA,2.08226601842324,3243.7574229240417
1B4F_1_A,RMSD_CA,0.6540339747103284,131.94062280654907
1B4F_d1b4fg-,RMSD_CA,0.5857064916891755,251.13422751426697
1B4J_d1b4jh1,RMSD_CA,0.8066426103731198,735.6800184249878
1B4J_d1b4jl1,RMSD_CA,0.9266695690085277,621.1871166229248
1B4O_1_A,RMSD_CA,0.9279371235726627,73.09445858001709
1B4P_1_A,RMSD_CA,0.5364311613822582,4095.1907110214233
1B4P_d1b4pa1,RMSD_CA,0.42967383019379096,1296.5294198989868
1B4Q_1_A,RMSD_CA,0.8727592473729143,540.0574750900269
1B4P_d1b4pa2,RMSD_CA,0.3970686272705133,321.9203622341156
1B4R_1_A,RMSD_CA,1.3454081628764603,191.57653260231018
1B4T_1_A,RMSD_CA,0.31491217289577733,439.2954933643341
1B4U_1_A,RMSD_CA,0.9612140392051801,765.2803332805634
1B4U_2_B,RMSD_CA,0.4885255061309303,5240.255326032639
1B53_1_A,RMSD_CA,4.779904213002304,235.6573326587677
1B5E_1_A,RMSD_CA,0.49373033338531264,975.2157592773438
1B5F_1_A,RMSD_CA,0.9415221919448962,822.7208921909332
1B5F_2_B,RMSD_CA,0.5280997767780293,201.60566759109497
1B5M_1_A,RMSD_CA,0.7929303421018109,535.9868664741516
1B5N_1_A,RMSD_CA,0.7117863323213623,38.781559467315674
1B5Q_1_A,RMSD_CA,0.41655144861582266,20133.204874277115
1B5Q_d1b5qc2,RMSD_CA,0.3563600439823491,577.7713136672974
1B5U_1_A,RMSD_CA,0.50717097243722,499.8044533729553
1B5V_1_A,RMSD_CA,0.5498752603846669,328.40158438682556
1B5W_1_A,RMSD_CA,0.5684960796392139,316.61050724983215
1B5X_1_A,RMSD_CA,0.6587827431951866,266.6367769241333
1B5Y_1_A,RMSD_CA,0.5819015935866768,305.41526651382446
1B5Z_1_A,RMSD_CA,0.7299113816177356,489.073983669281
1B64_1_A,RMSD_CA,0.764681462206185,328.22028136253357
1B6D_1_A,RMSD_CA,1.178116037942696,1672.658831834793
1B6D_d1b6db1,RMSD_CA,0.32726586762028065,371.5659079551697
1B6F_1_A,RMSD_CA,2.0236174659348496,1795.7486171722412
1B6E_1_A,RMSD_CA,0.8069068689526123,870.9047040939331
1B6I_1_A,RMSD_CA,0.47628601061501546,1266.1022477149963
1B6S_d1b6sd2,RMSD_CA,0.46099698310731474,423.8897440433502
1B6U_1_A,RMSD_CA,1.0473885611000937,2380.3650240898132
1B6U_d1b6ua1,RMSD_CA,0.7904865936989331,681.6692471504211
1B6U_d1b6ua2,RMSD_CA,0.6207577628892978,518.7390558719635
1B6V_1_A,RMSD_CA,0.4816331991891498,551.0015087127686
1B71_d1b71a1,RMSD_CA,0.8288878420465796,961.4482889175415
1B74_d1b74a1,RMSD_CA,0.8020483152137486,570.3178105354309
1B74_d1b74a2,RMSD_CA,2.7186148332382944,2209.753564596176
1B77_1_A,RMSD_CA,0.49270168308455337,1365.037432193756
1B77_d1b77c1,RMSD_CA,0.32520521466570423,359.4147689342499
1B77_d1b77c2,RMSD_CA,0.3089207883567292,254.45456719398499
1B79_1_A,RMSD_CA,0.4491358894232798,351.15822863578796
1B79_d1b79c-,RMSD_CA,0.5796693283312955,364.90106105804443
1B79_d1b79d-,RMSD_CA,0.5111252804790349,374.15150356292725
1B7F_2_A,RMSD_CA,4.089839427291632,3290.5317504405975
1B7F_d1b7fb1,RMSD_CA,0.5538235887489739,502.66750955581665
1B7F_d1b7fb2,RMSD_CA,0.45329691210310386,356.1274149417877
1B7G_1_O,RMSD_CA,0.5402435698908091,6048.633637905121
1B7G_d1b7gq2,RMSD_CA,0.5414570934209211,792.5806810855865
1B7L_1_A,RMSD_CA,0.6507894211039034,409.95171189308167
1B7M_1_A,RMSD_CA,0.8134759395786111,319.11580657958984
1B7N_1_A,RMSD_CA,0.532395377137084,477.1297526359558
1B7O_1_A,RMSD_CA,0.5021616423893951,577.6530344486237
1B7Q_1_A,RMSD_CA,0.7438645335007648,396.48513984680176
1B7P_1_A,RMSD_CA,0.5729871337800481,407.89460158348083
1B7R_1_A,RMSD_CA,0.5631280138483901,312.5840630531311
1B7S_1_A,RMSD_CA,0.6059426979660496,468.6363124847412
1B7Y_d1b7yb4,RMSD_CA,1.932846275981439,980.5857651233673
1B82_1_A,RMSD_CA,0.7596293124676914,3796.6354191303253
1B85_1_A,RMSD_CA,0.7811460535450446,5424.143854379654
1B87_1_A,RMSD_CA,0.5376588798914591,2146.28449678421
1B88_1_A,RMSD_CA,0.5436993273380104,744.0523035526276
1B8A_d1b8ab1,RMSD_CA,0.33197698288834826,334.3043382167816
1B8A_d1b8ab2,RMSD_CA,0.561152838789779,59.99185848236084
1B8D_1_A,RMSD_CA,0.6439140487561755,965.3664560317993
1B8L_1_A,RMSD_CA,0.337084652797125,175.63697576522827
1B8M_1_A,RMSD_CA,0.4859936313929139,275.00324845314026
1B8P_1_A,RMSD_CA,0.3532617384492107,1538.7437558174133
1B8P_d1b8pa1,RMSD_CA,0.30541898344783236,1051.9327538013458
1B8P_d1b8pa2,RMSD_CA,0.46105992390526657,1102.1026365756989
1B8Q_1_A,RMSD_CA,2.186204509960824,965.548707485199
1B8R_1_A,RMSD_CA,0.42161897052027925,254.0250973701477
1B8T_1_A,RMSD_CA,13.771240309924735,1603.9983377456665
1B8T_d1b8ta1,RMSD_CA,0.7028026844141544,59.01734757423401
1B8T_d1b8ta2,RMSD_CA,2.780622469469115,238.51342463493347
1B8T_d1b8ta3,RMSD_CA,0.9754053987741332,93.63147115707397
1B8T_d1b8ta4,RMSD_CA,0.8926398513112161,144.23815393447876
1B8W_1_A,RMSD_CA,1.505896463687404,198.86213040351868
1B8Y_1_A,RMSD_CA,0.4230478032264819,1273.5042181015015
1B96_2_A,RMSD_CA,0.5229071198576258,3197.092518091202
1B97_2_A,RMSD_CA,0.5002205695535339,769.4495961666107
1B9A_1_A,RMSD_CA,0.43063919125277716,273.4280936717987
1B9E_2_B,RMSD_CA,0.7219507186745012,54.43175768852234
1B9G_1_A,RMSD_CA,2.0122739802511243,274.95889115333557
1B9H_1_A,RMSD_CA,0.8213746306351188,170.69405555725098
1B9L_1_A,RMSD_CA,0.36047665720578137,643.8091626167297
1B9O_1_A,RMSD_CA,0.8100995340460757,354.55761313438416
1B9Q_1_A,RMSD_CA,0.716143724490585,42.71637272834778
1B9R_1_A,RMSD_CA,2.0659241364288365,617.8642830848694
1B9U_1_A,RMSD_CA,0.4471363584917007,24.980652809143066
1B9W_d1b9wa1,RMSD_CA,0.8773838454952927,94.166330575943
1B9W_d1b9wa2,RMSD_CA,0.7248712582847426,99.65892148017883
1BA2_1_A,RMSD_CA,0.5023676433263204,2473.712161540985
1BA5_1_A,RMSD_CA,0.2928039893130331,53.104687452316284
1BAB_1_A,RMSD_CA,0.8236395516852351,1119.0442826747894
1BAF_1_L,RMSD_CA,0.8884121449822632,2419.6385791301727
1BAF_2_H,RMSD_CA,0.9457723431283787,2405.5372133255005
1BAF_d1bafh1,RMSD_CA,0.33542383082309274,476.63342332839966
1BAF_d1bafl1,RMSD_CA,0.42054230731428827,638.4659142494202
1BAG_d1baga1,RMSD_CA,0.32995881587675796,122.51275515556335
1BAG_d1baga2,RMSD_CA,0.6205154435590282,5391.961004734039
1BAI_1_A,RMSD_CA,0.8097894567521758,919.9572925567627
1BAJ_1_A,RMSD_CA,0.4533169249002994,210.26681327819824
1BAJ_d1baja-,RMSD_CA,0.45426936325742323,239.24166893959045
1BAK_1_A,RMSD_CA,2.487227752440727,785.9556314945221
1BAV_1_A,RMSD_CA,0.9563509117024142,3667.501417160034
1BAZ_1_A,RMSD_CA,2.1667381171924265,64.0298388004303
1BAZ_d1bazb-,RMSD_CA,0.9422254519474869,68.56596231460571
1BAZ_d1bazc-,RMSD_CA,1.470329980297921,80.98030543327332
1BAZ_d1bazd-,RMSD_CA,0.571942859169094,75.49994540214539
1BB1_1_A,RMSD_CA,0.6924626262798493,26.09174108505249
1BB4_1_A,RMSD_CA,0.7801553453727486,515.1573991775513
1BB5_1_A,RMSD_CA,0.6425258069046808,939.7671921253204
1BBA_1_A,RMSD_CA,2.051751244989418,508.36012625694275
1BBD_d1bbdl1,RMSD_CA,0.44205423954588496,832.1439116001129
1BBD_d1bbdl2,RMSD_CA,2.9351736500618095,1191.7977957725525
1BBH_1_A,RMSD_CA,0.51315432377971,449.4725613594055
1BBJ_1_L,RMSD_CA,3.4411272990873374,2319.812172651291
1BBJ_2_H,RMSD_CA,1.7539441771723956,3920.2406504154205
1BBJ_d1bbjh1,RMSD_CA,0.8249855852136777,1058.6386847496033
1BBJ_d1bbjh2,RMSD_CA,0.5080664067211417,636.8919248580933
1BBJ_d1bbjl1,RMSD_CA,0.6636111360772956,679.9176197052002
1BBJ_d1bbjl2,RMSD_CA,0.8171363588342604,480.49941515922546
1BBL_1_A,RMSD_CA,0.5058279354897312,50.20155620574951
1BBL_d1bbla-,RMSD_CA,0.5103662454606978,53.239753007888794
1BBO_d1bboa2,RMSD_CA,0.4227702943233843,50.23182225227356
1BBP_1_A,RMSD_CA,0.5131730601407573,1489.5178952217102
1BBX_2_C,RMSD_CA,2.4984024331674055,200.29107284545898
1BC5_1_A,RMSD_CA,0.5489316152235775,4215.564961194992
1BC5_d1bc5a1,RMSD_CA,0.426589578053049,199.55110263824463
1BC8_3_C,RMSD_CA,0.5254744060754433,415.58671832084656
1BC9_1_A,RMSD_CA,2.526270809919421,3002.3863348960876
1BCI_1_A,RMSD_CA,0.7301270686308698,878.3338077068329
1BCI_d1bcia-,RMSD_CA,0.7266741663878438,729.5186588764191
1BCN_1_A,RMSD_CA,1.2745269724317003,720.406652212143
1BCP_2_B,RMSD_CA,1.3154744134427125,2804.3473088741302
1BCP_3_C,RMSD_CA,0.9846886455544201,2161.1517951488495
1BCP_4_D,RMSD_CA,0.43662361942068667,713.6828813552856
1BCP_5_F,RMSD_CA,0.9002589696255506,765.6116201877594
1BCP_d1bcph1,RMSD_CA,0.6576433090726823,487.3449676036835
1BCP_d1bcph2,RMSD_CA,0.6163824776515926,362.41247820854187
1BCP_d1bcpi1,RMSD_CA,0.6385392367851247,464.1377694606781
1BCP_d1bcpi2,RMSD_CA,0.4520136871611295,344.6543757915497
1BCT_1_A,RMSD_CA,4.284439405105012,200.94133138656616
1BCV_1_A,RMSD_CA,0.7439638800683809,88.78887009620667
1BCX_1_A,RMSD_CA,0.21207190212177165,614.6549310684204
1BD0_1_A,RMSD_CA,0.7421399019100525,83.37708735466003
1BD0_d1bd0b2,RMSD_CA,0.5392494227459801,1628.1968405246735
1BD3_1_D,RMSD_CA,0.6886269104849039,3816.7547495365143
1BD6_1_A,RMSD_CA,0.5131625474160243,260.97694849967957
1BD8_1_A,RMSD_CA,0.5307923518050328,1308.5640532970428
1BDD_1_A,RMSD_CA,1.5554006453804512,302.2297682762146
1BDE_1_A,RMSD_CA,0.8805988318669956,73.01054263114929
1BDL_1_A,RMSD_CA,0.9536706317621584,393.99740171432495
1BDM_d1bdmb2,RMSD_CA,0.555551848769173,1559.9710114002228
1BDO_1_A,RMSD_CA,0.26338177568964916,110.34915733337402
1BDQ_1_A,RMSD_CA,0.8169212756898464,290.60809874534607
1BDR_1_A,RMSD_CA,0.7463028518965061,734.7374942302704
1BDV_d1bdvc-,RMSD_CA,1.8508139003726316,157.90786290168762
1BE3_11_K,RMSD_CA,0.5287147867597713,134.78517317771912
1BE3_d1be3b1,RMSD_CA,2.1318407782275828,3399.6138520240784
1BE3_d1be3i-,RMSD_CA,3.501312059121183,225.8637535572052
1BE3_d1be3k-,RMSD_CA,0.5285222537554413,132.84797048568726
1BE4_1_A,RMSD_CA,1.7449645512293577,2597.8200545310974
1BE7_1_A,RMSD_CA,0.23194274078370988,61.82232737541199
1BEA_1_A,RMSD_CA,0.9127470542586482,921.1111719608307
1BEB_1_A,RMSD_CA,0.3991896381981026,1527.1016256809235
1BEC_d1beca1,RMSD_CA,0.4307119836666221,480.11907386779785
1BEO_1_A,RMSD_CA,0.7829883772345079,143.835857629776
1BET_1_A,RMSD_CA,0.5226236768079563,362.09053683280945
1BEV_1_1,RMSD_CA,4.578542123759354,5659.011243104935
1BEV_3_3,RMSD_CA,8.89628954949364,4652.711475610733
1BEY_1_L,RMSD_CA,3.863022668454691,3417.708042383194
1BEZ_1_A,RMSD_CA,0.6212500186052785,2641.2063653469086
1BF0_1_A,RMSD_CA,0.6610498023893865,258.6695098876953
1BF2_d1bf2a1,RMSD_CA,0.3284417369744203,1196.049674987793
1BF2_d1bf2a2,RMSD_CA,0.7788289900221194,967.9394648075104
1BF3_1_A,RMSD_CA,0.4299198716016501,6495.257004976273
1BF4_3_A,RMSD_CA,0.4247283194593884,100.29210472106934
1BF9_1_A,RMSD_CA,1.4069070343361039,149.59979057312012
1BFA_1_A,RMSD_CA,0.9242926021311011,823.986296415329
1BFA_d1bfaa-,RMSD_CA,0.9251565375425708,853.2176320552826
1BFF_1_A,RMSD_CA,0.43142134627262685,1101.247160434723
1BFG_1_A,RMSD_CA,0.5461825933519795,784.6097836494446
1BFG_d1bfga-,RMSD_CA,0.5462583286474076,1094.2634861469269
1BFO_1_A,RMSD_CA,1.4649861307463254,3544.4843657016754
1BFJ_1_A,RMSD_CA,1.5403330406537654,459.9076988697052
1BFO_2_B,RMSD_CA,1.04327043084428,4506.635412931442
1BFO_d1bfog1,RMSD_CA,0.5999416763730024,783.7409381866455
1BFO_d1bfog2,RMSD_CA,0.7607290109610018,580.3070139884949
1BFO_d1bfoh1,RMSD_CA,0.6000065255693815,1190.9488925933838
1BFO_d1bfoh2,RMSD_CA,0.4414918442981227,548.6903536319733
1BFS_1_A,RMSD_CA,0.613216587759908,706.5341594219208
1BFX_1_A,RMSD_CA,2.9361752332703728,984.9684841632843
1BG1_d1bg1a2,RMSD_CA,0.8021260214252913,4109.006295204163
1BG5_1_A,RMSD_CA,9.16841584968212,4903.015522480011
1BG5_d1bg5a1,RMSD_CA,3.685932331070622,2393.0672845840454
1BG6_d1bg6a2,RMSD_CA,0.30931234816770364,1186.5734083652496
1BG8_d1bg8c-,RMSD_CA,0.6357205624566915,642.2121896743774
1BGF_1_A,RMSD_CA,0.7531403346491898,421.7641158103943
1BGJ_1_A,RMSD_CA,0.4935745921016603,9280.336061954498
1BGK_1_A,RMSD_CA,2.073909595964008,154.8524341583252
1BGN_d1bgna2,RMSD_CA,0.19006097807915184,200.27950835227966
1BGV_d1bgva2,RMSD_CA,0.4143731968265158,2407.3849692344666
1BGX_3_H,RMSD_CA,1.6112465953916495,2414.2836027145386
1BGX_d1bgxh1,RMSD_CA,0.6656535809741176,387.30710196495056
1BGX_d1bgxh2,RMSD_CA,0.5725862292285885,340.01274490356445
1BGX_d1bgxt1,RMSD_CA,3.077941799933309,580.687299489975
1BGX_d1bgxt2,RMSD_CA,2.5943951469541253,2339.9104063510895
1BGY_d1bgye-,RMSD_CA,4.689793372000743,302.0254032611847
1BH0_1_A,RMSD_CA,0.3721660172988199,15.847903966903687
1BH2_1_A,RMSD_CA,0.6455467980794927,3569.9423184394836
1BH3_1_A,RMSD_CA,0.23608554430632822,2156.980833530426
1BH4_1_A,RMSD_CA,1.468858597042789,74.54277682304382
1BH5_1_A,RMSD_CA,2.1751612280829384,1190.9590575695038
1BH6_1_A,RMSD_CA,0.33536943275069275,3041.254163503647
1BH9_1_A,RMSD_CA,0.6335625979338856,104.81757092475891
1BH9_2_B,RMSD_CA,1.9769080144942421,441.3250205516815
1BHD_1_A,RMSD_CA,0.5814183295215098,1327.1335599422455
1BHF_1_A,RMSD_CA,0.4794323859172008,326.9212281703949
1BHH_2_B,RMSD_CA,0.6072308072782109,671.4660356044769
1BHI_1_A,RMSD_CA,0.37050332694209387,30.376335620880127
1BHN_1_A,RMSD_CA,1.765766181086173,2156.251609325409
1BHP_1_A,RMSD_CA,0.6813306419346742,66.87154364585876
1BHQ_1_1,RMSD_CA,1.9700061098849257,3684.7918071746826
1BHU_1_A,RMSD_CA,2.6816150848109195,439.37749004364014
1BHX_1_A,RMSD_CA,0.4453516513285879,34.545684814453125
1BHY_1_A,RMSD_CA,1.652201759794688,117.04555416107178
1BHY_d1bhya3,RMSD_CA,3.286481705635865,984.4655137062073
1BI8_2_B,RMSD_CA,1.2155804821757532,1208.1485271453857
1BIC_1_A,RMSD_CA,0.2593092453752554,1965.0487072467804
1BIF_1_A,RMSD_CA,1.9800237706793973,11745.236216306686
1BIF_d1bifa1,RMSD_CA,0.4669066870244851,2032.4746417999268
1BIF_d1bifa2,RMSD_CA,0.4655651719032009,3278.0605704784393
1BIG_1_A,RMSD_CA,1.2532179261868723,64.05234408378601
1BIH_d1bihb1,RMSD_CA,0.4026257120397021,689.7768342494965
1BIH_d1bihb2,RMSD_CA,0.4826476675590837,381.78083205223083
1BII_1_A,RMSD_CA,1.0901322591283524,4294.25565123558
1BII_2_B,RMSD_CA,0.49572085076235234,808.6664941310883
1BII_d1biia2,RMSD_CA,0.661518020302094,2113.4384212493896
1BIO_1_A,RMSD_CA,0.4812787975236008,2284.9042122364044
1BIP_1_A,RMSD_CA,1.898403521276021,441.36394238471985
1BIQ_2_B,RMSD_CA,0.8644818637726925,7428.7020716667175
1BIR_1_A,RMSD_CA,0.4895424782685876,247.25249409675598
1BIT_1_A,RMSD_CA,1.6779114502233483,146.38263607025146
1BIY_d1biya1,RMSD_CA,1.1556862082845203,15931.53259396553
1BJ1_1_L,RMSD_CA,0.4786396809545917,2254.350853919983
1BJ1_d1bj1k1,RMSD_CA,0.2555248174276739,523.3507196903229
1BJ1_d1bj1l1,RMSD_CA,0.20055566498117913,374.5639259815216
1BJ8_1_A,RMSD_CA,0.7135729226722892,327.98623991012573
1BJA_1_A,RMSD_CA,0.9710172462625501,266.18162417411804
1BJB_1_A,RMSD_CA,0.7161628389690167,68.7578763961792
1BJC_1_A,RMSD_CA,0.609030413394372,33.76566815376282
1BJE_1_A,RMSD_CA,0.59559268688209,905.0547041893005
1BJF_1_A,RMSD_CA,0.8123595671257268,2214.4464769363403
1BJJ_1_A,RMSD_CA,1.0787615117905893,793.1717803478241
1BJK_1_A,RMSD_CA,0.414218189228623,4362.59753370285
1BJK_d1bjka2,RMSD_CA,0.3382579985770893,1742.5160691738129
1BJM_1_A,RMSD_CA,8.503321647277277,4878.30067896843
1BJM_d1bjmb1,RMSD_CA,0.5325390977970376,809.0033092498779
1BK2_1_A,RMSD_CA,0.26099132445582124,113.2545018196106
1BK5_1_A,RMSD_CA,0.9294772546422531,19184.840542554855
1BK8_1_A,RMSD_CA,0.8164282653099195,151.11186623573303
1BK9_1_A,RMSD_CA,1.574799217717282,731.1612229347229
1BKC_1_A,RMSD_CA,0.5498591965069733,3804.366282939911
1BKC_3_I,RMSD_CA,0.5472785744468318,5033.272966623306
1BKF_1_A,RMSD_CA,0.22998495413649558,322.6829195022583
1BKG_1_A,RMSD_CA,0.788653330051547,13858.406130313873
1BKR_1_A,RMSD_CA,0.3035576774627624,337.18648052215576
1BKT_1_A,RMSD_CA,1.797323699566139,95.4028594493866
1BKU_1_A,RMSD_CA,1.2233379801984796,35.008224964141846
1BKW_1_A,RMSD_CA,0.3989928805032165,7803.332710981369
1BL0_3_A,RMSD_CA,1.1124762331570222,711.1439294815063
1BL0_d1bl0a1,RMSD_CA,0.9576018207405949,254.02052426338196
1BL0_d1bl0a2,RMSD_CA,0.6154113485083916,256.1682434082031
1BL1_1_A,RMSD_CA,1.2427180637783222,70.23629450798035
1BL4_1_A,RMSD_CA,0.2621274409157679,354.9368989467621
1BL9_d1bl9b1,RMSD_CA,1.9376697632556767,913.975635766983
1BLD_1_A,RMSD_CA,2.0003841559671995,1147.265073299408
1BLE_1_A,RMSD_CA,0.47903849467099496,1517.5793814659119
1BLF_d1blfa1,RMSD_CA,0.8587413685266142,8778.339973688126
1BLF_d1blfa2,RMSD_CA,0.8420833237049521,12516.890103340149
1BLI_1_A,RMSD_CA,0.6067067908179441,14019.48015999794
1BLI_d1blia1,RMSD_CA,0.20941960276074464,262.84685015678406
1BLI_d1blia2,RMSD_CA,0.5945004268219876,10467.39601778984
1BLK_1_A,RMSD_CA,3.0372092114002216,597.0971493721008
1BLN_d1blnc1,RMSD_CA,0.3852289632372092,500.167249917984
1BLN_d1blnd1,RMSD_CA,0.5351455669476888,347.9854164123535
1BLU_1_A,RMSD_CA,0.6330070021068053,138.55693292617798
1BM1_d1bm1a-,RMSD_CA,0.9004558023540031,2484.376388311386
1BM3_1_L,RMSD_CA,1.142211244819172,3440.350385904312
1BM3_d1bm3h2,RMSD_CA,1.1081683876026456,739.1731884479523
1BM3_d1bm3l1,RMSD_CA,0.29765723770395947,9.885861158370972
1BM4_1_A,RMSD_CA,1.0516471063387662,86.13352394104004
1BM8_1_A,RMSD_CA,0.39556843334426106,225.9983789920807
1BM9_1_A,RMSD_CA,0.9230327249772936,521.0058856010437
1BMB_1_A,RMSD_CA,0.491137753491435,334.4424247741699
1BMD_d1bmdb2,RMSD_CA,0.5944009589727475,1388.4599163532257
1BML_d1bmld3,RMSD_CA,0.7368148791730315,416.6056046485901
1BMO_1_A,RMSD_CA,4.123103259636739,3481.688043832779
1BMO_d1bmob2,RMSD_CA,0.7006077219924909,28.00204610824585
1BMS_1_A,RMSD_CA,1.8176042971921904,304.3231432437897
1BMT_1_A,RMSD_CA,0.9103095107198845,4337.389649391174
1BMT_d1bmtb1,RMSD_CA,0.5976129366600682,312.0507402420044
1BMT_d1bmtb2,RMSD_CA,0.6034786012319192,1279.867306470871
1BMV_2_1,RMSD_CA,1.08334098826879,1798.7941586971283
1BMV_d1bmv22,RMSD_CA,1.0064150189757992,2050.4743807315826
1BMX_1_A,RMSD_CA,0.9611608609286397,117.18421578407288
1BN7_1_A,RMSD_CA,0.3857116187012428,6714.28826546669
1BN8_1_A,RMSD_CA,0.5157550810357672,2522.1537256240845
1BNB_1_A,RMSD_CA,0.9124343671708867,76.25446081161499
1BND_1_A,RMSD_CA,0.3905714892777506,400.46979880332947
1BND_2_B,RMSD_CA,0.42222125632876584,715.1167452335358
1BNL_1_A,RMSD_CA,0.48930798343229515,2501.3444485664368
1BNX_1_A,RMSD_CA,0.4346842503798672,47.700865745544434
1BNZ_2_A,RMSD_CA,0.42758132692255674,117.73006439208984
1BO0_1_A,RMSD_CA,3.637750957564005,158.05256533622742
1BO8_1_A,RMSD_CA,0.6793475932952558,9475.360737085342
1BO7_1_A,RMSD_CA,0.6237309361031017,99.4745409488678
1BO9_1_A,RMSD_CA,1.691677441079103,144.77612829208374
1BOC_1_A,RMSD_CA,2.34982927494958,504.99359488487244
1BOD_1_A,RMSD_CA,3.1388778492031335,382.34470558166504
1BOE_1_A,RMSD_CA,1.138176566893459,93.61553931236267
1BOG_1_A,RMSD_CA,1.974381010016037,3114.1534168720245
1BOG_2_B,RMSD_CA,1.9950784972776348,2817.0269451141357
1BOG_d1boga1,RMSD_CA,0.5904835974159915,505.50028371810913
1BOG_d1boga2,RMSD_CA,0.40742733340379056,861.8733415603638
1BOG_d1bogb1,RMSD_CA,0.6698135413641412,562.8342096805573
1BOG_d1bogb2,RMSD_CA,0.5286585195942666,749.8147692680359
1BOI_d1boia1,RMSD_CA,0.41801746899248005,988.0689966678619
1BOL_1_A,RMSD_CA,0.45006412969694237,929.930742263794
1BON_1_A,RMSD_CA,0.8426666729164926,59.86668252944946
1BON_2_B,RMSD_CA,1.6060039497060585,93.85224843025208
1BOQ_1_A,RMSD_CA,0.2488241926686579,1056.0340840816498
1BOY_d1boya1,RMSD_CA,0.49974529193563855,470.0148446559906
1BOY_d1boya2,RMSD_CA,0.37749777685744923,721.0740711688995
1BP0_1_A,RMSD_CA,0.7024925402202519,10240.538100481033
1BP5_1_A,RMSD_CA,0.7696203387628687,9165.026834011078
1BP6_1_A,RMSD_CA,0.7546315435158888,16937.62542772293
1BPI_1_A,RMSD_CA,0.42926213049730344,107.61500835418701
1BPJ_1_A,RMSD_CA,0.6295824856762254,13085.295404434204
1BPL_1_A,RMSD_CA,0.47170562117594717,928.3329725265503
1BPL_2_B,RMSD_CA,1.2439784987030886,4128.076549291611
1BPO_1_A,RMSD_CA,5.155586735188604,1404.7736065387726
1BPO_d1bpob1,RMSD_CA,1.3202776824065312,3320.4948201179504
1BPO_d1bpoc1,RMSD_CA,2.6698835125868134,2184.9037268161774
1BPQ_1_A,RMSD_CA,1.071861607203759,1808.1248540878296
1BPT_1_A,RMSD_CA,0.6147049489570338,113.60096025466919
1BPV_1_A,RMSD_CA,1.1942341438563449,652.853111743927
1BQ2_1_A,RMSD_CA,0.9471764086521229,2956.3827373981476
1BQ0_1_A,RMSD_CA,1.865838076194698,360.9390013217926
1BQ5_d1bq5a2,RMSD_CA,1.158032782632572,2898.6155149936676
1BQ6_d1bq6a2,RMSD_CA,0.3852023661426161,651.0039138793945
1BQ7_1_A,RMSD_CA,0.5460383806878876,1462.0373492240906
1BQB_1_A,RMSD_CA,0.4564825316672594,2621.671359539032
1BQE_1_A,RMSD_CA,0.4985508018677014,5220.608481645584
1BQE_d1bqea2,RMSD_CA,0.3225036522332156,1014.2302114963531
1BQF_1_A,RMSD_CA,0.9482388227824085,37.68943691253662
1BQH_4_G,RMSD_CA,0.7699693044783048,1092.880871772766
1BQL_1_L,RMSD_CA,0.7608575162146101,2901.1768655776978
1BQL_2_H,RMSD_CA,2.0929100777725758,2825.838951587677
1BQL_d1bqlh1,RMSD_CA,0.41670629122911984,406.24716544151306
1BQL_d1bqll1,RMSD_CA,0.3889629884057629,400.29483294487
1BQP_2_B,RMSD_CA,1.6669285827755904,64.00312852859497
1BQS_1_A,RMSD_CA,1.2239595936356658,4534.928448677063
1BQS_d1bqsa2,RMSD_CA,1.1811641307640157,1512.9503927230835
1BQY_1_A,RMSD_CA,0.48098295306558897,2136.9713673591614
1BQZ_1_A,RMSD_CA,2.489625011580371,585.4220185279846
1BR0_1_A,RMSD_CA,1.122491218705717,554.1392571926117
1BR1_2_B,RMSD_CA,3.9277750226039507,1436.7646598815918
1BRF_1_A,RMSD_CA,0.26206200790002393,62.35076856613159
1BRO_1_A,RMSD_CA,0.617921246186606,2151.7309851646423
1BRT_1_A,RMSD_CA,0.40277801855859324,2111.636912584305
1BRU_1_P,RMSD_CA,0.36682656025897636,2575.9822912216187
1BRV_1_A,RMSD_CA,1.362520763559391,43.33445906639099
1BRW_d1brwb1,RMSD_CA,0.4043428895187686,54.40104842185974
1BRW_d1brwb2,RMSD_CA,1.2672980432333216,4174.427411317825
1BRW_d1brwb3,RMSD_CA,1.1774186026978155,455.6708631515503
1BRY_1_Y,RMSD_CA,0.3318845939173403,1770.5115265846252
1BS2_d1bs2a3,RMSD_CA,0.7663867446433518,737.1180205345154
1BSG_1_A,RMSD_CA,0.3203310170044743,873.3547542095184
1BSL_1_A,RMSD_CA,0.7006213803225148,4617.025529623032
1BSM_1_A,RMSD_CA,1.5432534194465655